계정(full-name),아이디,태그,카테고리,팔로워,URL
나리,yournalee,,문구/완구  일상,69448,https://www.instagram.com/yournalee/
김미려,kim_miryeo0613,,F&B  일상,63699,https://www.instagram.com/kim_miryeo0613/
머리하는숑이,sihyung1234,,뷰티  일상,34506,https://www.instagram.com/sihyung1234/
자취하는 아저씨 (자저씨),korean_easycook,,F&B  일상,121699,https://www.instagram.com/korean_easycook/
이 보라,bborari,,뷰티  일상,77124,https://www.instagram.com/bborari/
소마카세 l 서준영,somakase_,,F&B  일상,64859,https://www.instagram.com/somakase_/
ღ또리의 하우스 앤 로드 ღ,suk_sujin,,일상  음악/댄스,31673,https://www.instagram.com/suk_sujin/
최동석,dong_seok_choi_,,일상  F&B,124023,https://www.instagram.com/dong_seok_choi_/
뽕커벨 박민경,paorang73,,일상  문구/완구,121904,https://www.instagram.com/paorang73/
오솔 Solish  뷰티어터 🩵,154kg,,일상  패션,65074,https://www.instagram.com/154kg/
꿀팁약사 | 혈당·혈압·고지혈증 | 하정봉,ggultip_yaksa,,다이어트/건강보조식품  건강가전,54382,https://www.instagram.com/ggultip_yaksa/
"알파카약사 | 윤유현 | 영양제, 건강 상담",alpaca_yaksa,,다이어트/건강보조식품  일상,57871,https://www.instagram.com/alpaca_yaksa/
"쏘핏 소 윤ㅣ건강꿀팁, 활력, 염증타파",ssofit_yaksa,,다이어트/건강보조식품  일상,110852,https://www.instagram.com/ssofit_yaksa/
"명훈 약사 | 약사피셜, 최명훈",yaksa_mh,,다이어트/건강보조식품  일상,44275,https://www.instagram.com/yaksa_mh/
릴리 김소정 | 염증과 호르몬에 진심🩵,lilly_yaksa,,다이어트/건강보조식품  뷰티,221406,https://www.instagram.com/lilly_yaksa/
약사 메디슨맨 | 장무현,medimantv,,다이어트/건강보조식품  일상,89101,https://www.instagram.com/medimantv/
구아카 | 부부의 집밥 & 살림,cooaka__,,F&B  홈/리빙,209663,https://www.instagram.com/cooaka__/
약들약/고상온,yakstory119,,다이어트/건강보조식품  건강가전,295575,https://www.instagram.com/yakstory119/
엄마새 Hwaok Kim 🌏 영어&세계여행,ummasae_home,,여행/관광  교육,123806,https://www.instagram.com/ummasae_home/
그집1303 /kim soo yeon,ihss_1303,,F&B  일상,101085,https://www.instagram.com/ihss_1303/
하람키친 Haram Kitchen,_ha.ram__,,F&B  일상,60482,https://www.instagram.com/_ha.ram__/
나타샤블루(한민경) | 살림하는 여자,natashablue_life,,F&B  일상,61063,https://www.instagram.com/natashablue_life/
커피대통령 l 이재용,coffee_dtr,,F&B  홈/리빙,82157,https://www.instagram.com/coffee_dtr/
남약사 l 건강에 희망을 드리는 남기헌 약사🍀,yaksa_nam,,다이어트/건강보조식품  일상,39081,https://www.instagram.com/yaksa_nam/
약사비책 | 약사 고신형,yak_secret,,다이어트/건강보조식품  일상,95844,https://www.instagram.com/yak_secret/
블레어 윤소연 | 신혼살림 • 집꾸미기,fromblair_diary,,일상  홈/리빙,41468,https://www.instagram.com/fromblair_diary/
살림연구소 오클 l 클린한 오늘을 위한 살림 꿀팁,ocle_lab,,일상  홈/리빙,64944,https://www.instagram.com/ocle_lab/
다다맘 | chogeummi,da_da__mom,,홈/리빙  일상,245799,https://www.instagram.com/da_da__mom/
신림댁 | 셀프인테리어 시골라이프,sillim_house,,홈/리빙  일상,115385,https://www.instagram.com/sillim_house/
김지영 그리고 김빈우,binwoos,,F&B  일상,105767,https://www.instagram.com/binwoos/
집순키친,jipsoon_kitchen,,F&B  일상,327161,https://www.instagram.com/jipsoon_kitchen/
🌸써니식탁/ 황진선,lovely_sunny_0510,,F&B  일상,279214,https://www.instagram.com/lovely_sunny_0510/
써니홈 김유선,ssunyhome,,홈/리빙  육아/키즈,170173,https://www.instagram.com/ssunyhome/
먹짱설아,chae_won94,,육아/키즈  F&B,211144,https://www.instagram.com/chae_won94/
쏘핑네흰집 🇰🇷,ahk0925,,일상  육아/키즈,250295,https://www.instagram.com/ahk0925/
핏블리,fitvely_moon,,다이어트/건강보조식품  일상,226454,https://www.instagram.com/fitvely_moon/
김선영 | 쭈니거니맘🇰🇷,_jun_family,,육아/키즈  일상,103657,https://www.instagram.com/_jun_family/
바른약ㅣ약사ㅣ최길문,good.yaksa,,건강가전  일상,152283,https://www.instagram.com/good.yaksa/
자신있는 약상담ㅣ자신약사ㅣ허자신,jasin_yaksa,,다이어트/건강보조식품  일상,55107,https://www.instagram.com/jasin_yaksa/
1분살림,onesalim_,,F&B  일상,103112,https://www.instagram.com/onesalim_/
위쓰담북 | 쓰담쓰담 김지혜 | 책과 육아,wessdombook_jihye,,교육  문구/완구,117615,https://www.instagram.com/wessdombook_jihye/
뵤리약사 | 임별,byori_yaksa,,다이어트/건강보조식품  일상,100240,https://www.instagram.com/byori_yaksa/
베러심플,better__simple,,홈/리빙  F&B,46825,https://www.instagram.com/better__simple/
"다식 약사 | 박약다식, 박소윤",dasik.yaksa,,뷰티  일상,87181,https://www.instagram.com/dasik.yaksa/
"반짝이는하루,다다_이빛나",blooming_dada_,,F&B  홈/리빙,48607,https://www.instagram.com/blooming_dada_/
묘식당,myo_sikdang,,F&B  일상,40025,https://www.instagram.com/myo_sikdang/
소디 : 소비하는 디자이너,designer_sodi,,홈/리빙  일상,56172,https://www.instagram.com/designer_sodi/
Boram Choi(엄지공)🇰🇷 🇨🇦,umjigongmom,,일상  건강가전,59386,https://www.instagram.com/umjigongmom/
요블리 | 박혜연,yovely.fan7astic,,홈/리빙  다이어트/건강보조식품,39753,https://www.instagram.com/yovely.fan7astic/
두둥실팜 신유진 약사,dds_yaksa,,다이어트/건강보조식품  뷰티,30882,https://www.instagram.com/dds_yaksa/
트윈윤헤나 | 박선영,lovely_twinyoons,,여행/관광  유명장소/핫플,96235,https://www.instagram.com/lovely_twinyoons/
아빠약사 | 아이영양정보 & 육아정보 | 약사 고운현,yak_father,,다이어트/건강보조식품  육아/키즈,38633,https://www.instagram.com/yak_father/
해달마망 레시피 .·͙☽ 맛있는 요리 살림,recipe_sunmoon,,F&B  일상,62463,https://www.instagram.com/recipe_sunmoon/
단비픽 • ʙᴇᴀᴜᴛʏ ᴛɪᴘ 뷰티그램,danbipick,,뷰티  일상,47515,https://www.instagram.com/danbipick/
깰꼼(김민정)_쉽고 간단하게 잘해버리는 살림꿀팁👍,ggal_ggom_,,홈/리빙  일상,98854,https://www.instagram.com/ggal_ggom_/
약상담 해드리는 약사임당 | 약사 이수찬,iam_yaksa,,다이어트/건강보조식품  일상,180136,https://www.instagram.com/iam_yaksa/
잘사는 집사,zipsa_holic,,고양이  짤/밈,115942,https://www.instagram.com/zipsa_holic/
김희경,tingkerhee,,일상  육아/키즈,172587,https://www.instagram.com/tingkerhee/
서희진ㅣ윤맘,yun_todaytable,,F&B  일상,31251,https://www.instagram.com/yun_todaytable/
쥬엘르,jewelle_eunmi,,패션  뷰티,30144,https://www.instagram.com/jewelle_eunmi/
꾸미맘(김한나) I 곰보배추시럽 비오맘유산균 하이웰초유 밀리맘,ggu_mii,,육아/키즈  일상,87577,https://www.instagram.com/ggu_mii/
나름TV (이음률)❤️,nareum_tv,,F&B  일상,70673,https://www.instagram.com/nareum_tv/
"아윤마미, 조은재",ayoon_mami,,문학/종교/역사  육아/키즈,132629,https://www.instagram.com/ayoon_mami/
"라온 ᗢ⠀ yeongseon, jo",__laon,,문구/완구  육아/키즈,37344,https://www.instagram.com/__laon/
마케팅 천재 더오름 대표이사 김중현,theoreum2020,,일상  뷰티,37438,https://www.instagram.com/theoreum2020/
최여사/요리 집밥 밑반찬 레시피,coe2493,,F&B  일상,159226,https://www.instagram.com/coe2493/
다빈,dddddabinnnnn,,일상  F&B,56367,https://www.instagram.com/dddddabinnnnn/
최선희🌸다담떡방🌸대한민국No.1현미전문떡집 떡 맛집,dadamdduck,,F&B  일상,54362,https://www.instagram.com/dadamdduck/
김유희,kyhjmd486,,교육  육아/키즈,56187,https://www.instagram.com/kyhjmd486/
수아플레이 / 오가영,sua_play,,문구/완구  일상,142333,https://www.instagram.com/sua_play/
전 이주,2week_ago,,여행/관광  패션,60301,https://www.instagram.com/2week_ago/
이주은 (온맘) | 자기주도이유식 정보 • 육아팁,__on.mom,,육아/키즈  일상,33784,https://www.instagram.com/__on.mom/
체형연구하는 제인쌤 | 10년차 요가&필라테스 강사,pilatesjane_,,다이어트/건강보조식품  피트니스,114104,https://www.instagram.com/pilatesjane_/
송인아 INA イナ,reallllina,,다이어트/건강보조식품  여행/관광,49964,https://www.instagram.com/reallllina/
바이율 | 박진경,by.yul_haus,,F&B  일상,68908,https://www.instagram.com/by.yul_haus/
매그니유/ GYURI 규리,magniu_r,,뷰티  일상,59524,https://www.instagram.com/magniu_r/
여행인플루언서 어럼 🍁 Lee Gaeul,autumn.yb,,여행/관광  다이어트/건강보조식품,150957,https://www.instagram.com/autumn.yb/
료니맘♥️ | MUN SONGHYUN,uu._.home,,육아/키즈  일상,58869,https://www.instagram.com/uu._.home/
육아정보 | 육아팁 | 육아템 💚 오늘맘 신현정,onlmom._.ilbo,,패션  일상,65806,https://www.instagram.com/onlmom._.ilbo/
키즈모델 전설 | 조아라,jeonseol_mama,,육아/키즈  교육,80121,https://www.instagram.com/jeonseol_mama/
Sooin Lee,sooin_livfe,,F&B  여행/관광,32827,https://www.instagram.com/sooin_livfe/
바이소율 | 이혜진 | 홈스타일링,by.soyul,,홈/리빙  일상,45989,https://www.instagram.com/by.soyul/
얌얌해 혜야 | 초간단 레시피👩🏻‍🍳,yumyumhae,,F&B  홈/리빙,286944,https://www.instagram.com/yumyumhae/
조이맘 na min hee ~*,joy_mum.play_home,,교육  육아/키즈,50714,https://www.instagram.com/joy_mum.play_home/
하도아의 대저택 | 호텔 맨션브릿지,mansionbridge,,일상  여행/관광,77130,https://www.instagram.com/mansionbridge/
두리니 [청소반장] 김연주,du_ri_nee,,홈/리빙  일상,102931,https://www.instagram.com/du_ri_nee/
아인하우스🏡 Ainmom,ainhouse_,,육아/키즈  일상,81921,https://www.instagram.com/ainhouse_/
"소리로 전하는 좋은 소식, 소뮤맘🎶",tiding_of_joy,,육아/키즈  홈/리빙,36111,https://www.instagram.com/tiding_of_joy/
정연실( 이안맘 / 모델시리 / 대구맘),real__siri,,패션  육아/키즈,99521,https://www.instagram.com/real__siri/
수지맞은집ㅣsuji lim,suji_salim,,홈/리빙  일상,33091,https://www.instagram.com/suji_salim/
심플혜영 - 백혜영,simple_hyeyoung,,홈/리빙  일상,38854,https://www.instagram.com/simple_hyeyoung/
고마워숲 박현진,merci_la_foret,,육아/키즈  건강가전,36034,https://www.instagram.com/merci_la_foret/
써니맘 트리샤 | 교육자ㆍ작가ㆍ강연가 | 엄마표영어 전문가 Jihyun Yang,sunnymom_trisha,,일상  교육,167548,https://www.instagram.com/sunnymom_trisha/
미쁘다유주,joohea8,,육아/키즈  패션,117516,https://www.instagram.com/joohea8/
꿈미홈트 임지혜 | 홈트메이트,kkum.mi_homt,,피트니스  일상,81736,https://www.instagram.com/kkum.mi_homt/
simplyrecipe / 심플리레시피 (정하윤),simply_recipe,,일상  홈/리빙,245055,https://www.instagram.com/simply_recipe/
윤손하,boutique____j,,패션  여행/관광,62267,https://www.instagram.com/boutique____j/
마이어홈,meyer_home,,홈/리빙  패션,104524,https://www.instagram.com/meyer_home/
하은맘ㅣ집꾸미기•인테리어•감성필터,e_ehd__w,,육아/키즈  홈/리빙,43018,https://www.instagram.com/e_ehd__w/
책육아 하이맘♥️ SORA CHOI,__hai.mom,,교육  육아/키즈,52312,https://www.instagram.com/__hai.mom/
해피마미파파 아이와 가볼만한 곳,happy_mamipapa,,육아/키즈  여행/관광,38384,https://www.instagram.com/happy_mamipapa/
두아이와 책육아하는 뚜띠맘🤍,dduddi_0508,,육아/키즈  일상,31814,https://www.instagram.com/dduddi_0508/
은빌리버블 영어 카페,eunbelievable,,교육  일상,154373,https://www.instagram.com/eunbelievable/
장아람(지운맘) | 국내여행 | 해외여행,_gonoz,,여행/관광  유명장소/핫플,119660,https://www.instagram.com/_gonoz/
희영 양평서정이네 HeeYoung,heehuii,,일상  홈/리빙,34272,https://www.instagram.com/heehuii/
생선파는며느리,fish_table1979,,F&B  일상,98641,https://www.instagram.com/fish_table1979/
안 세진,sweetiezin,,패션  여행/관광,38460,https://www.instagram.com/sweetiezin/
NamKyong Lee,lyn_wellness_lab,,피트니스  일상,60474,https://www.instagram.com/lyn_wellness_lab/
짱민주,zzang_mj4,,뷰티  다이어트/건강보조식품,97329,https://www.instagram.com/zzang_mj4/
Jung Sora | 라니맘의 유초등 영어 로드맵,ranimaps,,홈/리빙  교육,48867,https://www.instagram.com/ranimaps/
Yu suyeon,ysy_lucy,,일상  패션,341964,https://www.instagram.com/ysy_lucy/
럽썬테이블& 집밥 | 플레이팅 | 레시피공유,lovessun_,,F&B  일상,51727,https://www.instagram.com/lovessun_/
모노마켓,mono.y,,F&B  육아/키즈,90969,https://www.instagram.com/mono.y/
초초쌤 (이초은),montessori_cho,,문구/완구  교육,121201,https://www.instagram.com/montessori_cho/
으네✨ [ 부산•경상 아이와 여행 ],eune.eune,,여행/관광  육아/키즈,149305,https://www.instagram.com/eune.eune/
뭉실맘 🤎 육아템 • 살림템 • 유아식 레시피,moongsil_mom,,육아/키즈  일상,105703,https://www.instagram.com/moongsil_mom/
캔디맘 | 육아템추천 • 출산꿀팁 • 육아정보,can.dy_mom,,육아/키즈  홈/리빙,39852,https://www.instagram.com/can.dy_mom/
최솔희,solhee.choi,,뷰티  일상,59672,https://www.instagram.com/solhee.choi/
소시네 | 엄마표영어  루틴,sosine._,,교육  육아/키즈,43771,https://www.instagram.com/sosine._/
길동상사 ❤︎ 어그•의류•뷰티•리빙•일상,jwjw0317,,뷰티  일상,66647,https://www.instagram.com/jwjw0317/
달소유 ❙ 최소영,dal.so.you,,일상  육아/키즈,31901,https://www.instagram.com/dal.so.you/
마샤 홈 | 심소영 | 정리•청소템,daeun_mom01,,홈/리빙  일상,47084,https://www.instagram.com/daeun_mom01/
루미어터,rumidieter,,다이어트/건강보조식품  F&B,87879,https://www.instagram.com/rumidieter/
"단맘 유아식, 아이주도식 단이 맘마",danmom_shinhye,,F&B  일상,111822,https://www.instagram.com/danmom_shinhye/
권아름｜에이핏 ｜지속가능 diet,__a.fit.__,,다이어트/건강보조식품  F&B,117613,https://www.instagram.com/__a.fit.__/
"여행, 서하네 | 박현진",___shhjin,,여행/관광  일상,176027,https://www.instagram.com/___shhjin/
Jihye,hairstyle_jihye,,일상  육아/키즈,478209,https://www.instagram.com/hairstyle_jihye/
레코드글라,recordcla,,문구/완구  일상,53315,https://www.instagram.com/recordcla/
반채영 / chaeyoung,banchae0,,일상  육아/키즈,63447,https://www.instagram.com/banchae0/
율아맘 | 3가지 재료로 간단유아식 만들어요 (김시연),newra_momm,,육아/키즈  F&B,78748,https://www.instagram.com/newra_momm/
로제맘 ⏽ 김다빈,roze_mom,,육아/키즈  일상,66918,https://www.instagram.com/roze_mom/
김 송이/송송한일상,_s21993__,,육아/키즈  일상,84087,https://www.instagram.com/_s21993__/
하이츄 컴퍼니 | 정현정,hihi_choo,,다이어트/건강보조식품  일상,44291,https://www.instagram.com/hihi_choo/
𝐍𝐢𝐧𝐚 𝐃𝐈𝐘｜ᴅɪʏ ᴄʀᴇᴀᴛᴏʀ ♛,needlenina,,홈/리빙  일상,212404,https://www.instagram.com/needlenina/
강윤맘❤️| 육아템추천•아기랑 여행•육아정보(권예진),kangyoon_mom,,육아/키즈  일상,35324,https://www.instagram.com/kangyoon_mom/
diy살림 | 디살,diy_salrim,,홈/리빙  일상,63900,https://www.instagram.com/diy_salrim/
헤세드,by_hessed,,일상  F&B,58135,https://www.instagram.com/by_hessed/
잼잼언니 이지숙/Joyful Aging&Meal/저속노화 라이프,jamjamkitchen1,,F&B  다이어트/건강보조식품,125325,https://www.instagram.com/jamjamkitchen1/
"임마더(임미경) | 초등 교육, 건강관리 루틴",lim_mother,,육아/키즈  교육,41401,https://www.instagram.com/lim_mother/
옆집간호사 구슬언니,gooseul1985,,교육  일상,53977,https://www.instagram.com/gooseul1985/
유딘살림 고유진,about_udin,,홈/리빙  일상,82394,https://www.instagram.com/about_udin/
원블리💕,_wooonvely_,,여행/관광  유명장소/핫플,71192,https://www.instagram.com/_wooonvely_/
히욤어리,heeyom_grim,,육아/키즈  일상,39501,https://www.instagram.com/heeyom_grim/
태미요가(TAMMY) | 12년차 요기니,yoga.by.tammy,,육아/키즈  다이어트/건강보조식품,52398,https://www.instagram.com/yoga.by.tammy/
봄뚱이네 ᰔ Kyeongji Kim,bom._.ddung,,육아/키즈  홈/리빙,98113,https://www.instagram.com/bom._.ddung/
엘리 l 골반강화순환루틴 l 바레강사,elly_fit_,,다이어트/건강보조식품  일상,211460,https://www.instagram.com/elly_fit_/
블리맘(김상미)의 육아톡톡,seovelymom._,,육아/키즈  일상,36382,https://www.instagram.com/seovelymom._/
초코홈ㅣ신혼집 꾸미기🛋️,_chocohomee_,,홈/리빙  일상,104378,https://www.instagram.com/_chocohomee_/
오프유 | 민 선 | 책육아하는 해인맘,offyou_haus,,육아/키즈  문구/완구,46234,https://www.instagram.com/offyou_haus/
이안마미 | 육아 • 살림 • 리빙,ian__mommy,,홈/리빙  육아/키즈,31451,https://www.instagram.com/ian__mommy/
안종일,love_190912,,육아/키즈  일상,37979,https://www.instagram.com/love_190912/
선밀 | 저속노화 • 항암식단 • 건강라이프,sunmealtable,,F&B  다이어트/건강보조식품,70144,https://www.instagram.com/sunmealtable/
정은아 요리조리,_yoryjory,,F&B  일상,79148,https://www.instagram.com/_yoryjory/
푸디젠(Jen) I 간단요리 간단술안주 살림팁,_foodie_jen,,F&B  일상,320613,https://www.instagram.com/_foodie_jen/
레나 | 여행 크리에이터,rena_enp,,여행/관광  유명장소/핫플,63819,https://www.instagram.com/rena_enp/
장건우,keon_uuj,,일상  F&B,72870,https://www.instagram.com/keon_uuj/
부산맛집 양산맛집 창원맛집 대구맛집 경주맛집 광안리맛집 해운대맛집 서면맛집  먹케이미 (먹케이),mukkmee,,F&B  일상,54601,https://www.instagram.com/mukkmee/
두아맘,jerry_mom92,,육아/키즈  홈/리빙,49704,https://www.instagram.com/jerry_mom92/
든든한 당신의 건강 지킴이 | 태리약사 김경은,teri_yaksa,,다이어트/건강보조식품  뷰티,141255,https://www.instagram.com/teri_yaksa/
오연하,ihate._.eggplant,,일상  패션,149161,https://www.instagram.com/ihate._.eggplant/
미호ㅣ인스타툰,miho.toon,,만화/애니/툰  일상,37479,https://www.instagram.com/miho.toon/
문지선 𝐖𝐞𝐥𝐥𝐧𝐞𝐬𝐬 🇰🇷,moonjisunny,,피트니스  일상,51794,https://www.instagram.com/moonjisunny/
Chelsea Esdher.W 🍑,esdher_wang,,패션  뷰티,31274,https://www.instagram.com/esdher_wang/
권정원  Kwon Jungwon,k_garden_style,,여행/관광  스포츠,101031,https://www.instagram.com/k_garden_style/
,eeu_nkyo,,피트니스  패션,335315,https://www.instagram.com/eeu_nkyo/
신다희(부부아트),miok9230,,문구/완구  일상,55185,https://www.instagram.com/miok9230/
함소원_공식_instagram,ham_so1,,F&B  일상,76523,https://www.instagram.com/ham_so1/
박성신 Sungshin Park ෆ,sungshin_p,,일상  피트니스,55366,https://www.instagram.com/sungshin_p/
정윤정,jung__show,,여행/관광  패션,103986,https://www.instagram.com/jung__show/
서진♡︎,seojinii_,,패션  뷰티,43696,https://www.instagram.com/seojinii_/
책육아 📚 연우승유맘 이혜림/책공구,withmom_hyelim,,문학/종교/역사  F&B,124017,https://www.instagram.com/withmom_hyelim/
째까니🦋,jjekkany,,패션  여행/관광,62521,https://www.instagram.com/jjekkany/
최 수진,c___sj,,패션  일상,48132,https://www.instagram.com/c___sj/
정은애 Jung eun ae,saj_love_,,패션  육아/키즈,65642,https://www.instagram.com/saj_love_/
Hyehoon Park,hyeho_on,,여행/관광  패션,109692,https://www.instagram.com/hyeho_on/
여리여리 | 미백  • 뷰티팁• 다이어트,_yeoriyeori,,뷰티  일상,74418,https://www.instagram.com/_yeoriyeori/
조상아,sang_ah,,다이어트/건강보조식품  일상,93102,https://www.instagram.com/sang_ah/
리리즈 l 다이어트 운동 건강 메이크업 헤어 패션 뷰티,releeds_,,다이어트/건강보조식품  일상,98345,https://www.instagram.com/releeds_/
LEMIE 르미에 l 여성의류,llllmie,,패션  일상,61112,https://www.instagram.com/llllmie/
박 현경,ba_kyun,,일상  뷰티,42486,https://www.instagram.com/ba_kyun/
꽃단지 뉴모던 임하영 🌸,hahhaya_modern,,뷰티  결혼/연애,45867,https://www.instagram.com/hahhaya_modern/
김하연 | 지지미의 쉬운 집밥 | 엄마표 간식,ggmimomo,,F&B  일상,229594,https://www.instagram.com/ggmimomo/
더제이나나/10대쇼핑몰/맘커플룩쇼핑몰/여성복쇼핑몰/뷰티공구,thejnana,,패션  뷰티,50062,https://www.instagram.com/thejnana/
땡이의일상,cutied_d,,육아/키즈  일상,42188,https://www.instagram.com/cutied_d/
부산놀자 [부산맛집/부산여행/부산카페 ],busansomang,,F&B  여행/관광,290315,https://www.instagram.com/busansomang/
방송인 박지윤 park jiyoon,jiyoon_park_,,일상  F&B,467063,https://www.instagram.com/jiyoon_park_/
"준성담, EunheeKim",joonsungdam,,여행/관광  유명장소/핫플,213748,https://www.instagram.com/joonsungdam/
"minji | 신혼집 , 육아 살림하는 밍디홈_✨",1920mj_,,육아/키즈  일상,58784,https://www.instagram.com/1920mj_/
하진스토리ღ | 오은혜,hajinstory_n_pros.g,,육아/키즈  교육,60041,https://www.instagram.com/hajinstory_n_pros.g/
나나샘,nana_laoshi_,,교육  육아/키즈,37180,https://www.instagram.com/nana_laoshi_/
Arron ✨ 정소연,yuny1225,,육아/키즈  다이어트/건강보조식품,99465,https://www.instagram.com/yuny1225/
여행하는 씽아 공간 l 미식 l 여행 ㅣ숙소,sing.______,,여행/관광  F&B,78588,https://www.instagram.com/sing.______/
강재준,jaejunkang,,일상  육아/키즈,260489,https://www.instagram.com/jaejunkang/
정수현,hyunny01,,F&B  일상,54775,https://www.instagram.com/hyunny01/
쏭뜰리에,ssongtelier,,결혼/연애  패션,90273,https://www.instagram.com/ssongtelier/
이선희 천안맛집 천안카페 전국맛집 여행 한화이글스,lshpjb,,F&B  일상,30082,https://www.instagram.com/lshpjb/
앙젤리크 JO HYE JI,angelique_hyeji,,일상  뷰티,40991,https://www.instagram.com/angelique_hyeji/
"이정아, 셀린제이",celinj__,,뷰티  일상,33665,https://www.instagram.com/celinj__/
유주맘(박은영)🩷| 초간단 아기간식•유아식 레시피,luna__yyu,,F&B  육아/키즈,42275,https://www.instagram.com/luna__yyu/
이아현,leeahyunn,,F&B  육아/키즈,40029,https://www.instagram.com/leeahyunn/
킹댕즈 l 말라뮤트 대가족 l 김운주,kingdaengz,,강아지  일상,54551,https://www.instagram.com/kingdaengz/
제니져니 | 여행하는 워킹맘 제니💁‍♀️ 아이와여행/주말여행/해외여행,_jenny_journey,,여행/관광  유명장소/핫플,101690,https://www.instagram.com/_jenny_journey/
연이,along_youn,,다이어트/건강보조식품  일상,79467,https://www.instagram.com/along_youn/
"리나킴, Linapick",linakeemz,,피트니스  일상,116741,https://www.instagram.com/linakeemz/
오후맘 ♥ YUJIN,ohhoo.mom,,여행/관광  육아/키즈,82621,https://www.instagram.com/ohhoo.mom/
하루S2,bj._.haru,,패션  결혼/연애,307119,https://www.instagram.com/bj._.haru/
얼라맘마 대표 김라희 l 아기김치 유아식 완밥템,ur_ra_mamma,,F&B  일상,33680,https://www.instagram.com/ur_ra_mamma/
박인영,drimcomtru,,일상  여행/관광,84075,https://www.instagram.com/drimcomtru/
지니네양은밥상,jini_39242,,F&B  일상,76496,https://www.instagram.com/jini_39242/
샴공,champagne_princess_,,피트니스  일상,64435,https://www.instagram.com/champagne_princess_/
금 지현,luv_anrin,,육아/키즈  일상,81612,https://www.instagram.com/luv_anrin/
사라 | sara | 인테리어 | 집꾸미기 | 감성육아,_sara_.home,,홈/리빙  육아/키즈,94424,https://www.instagram.com/_sara_.home/
오브엘 수지 🪡,ovvl_suji,,패션  일상,37094,https://www.instagram.com/ovvl_suji/
SEONAE-KWON,ainblog_fashion,,패션  피트니스,43967,https://www.instagram.com/ainblog_fashion/
𝗳𝗮𝗰𝗲 𝗱𝗲𝘀𝗶𝗴𝗻𝗲𝗿🎨미대나온 13년차 미용인,2_0nami,,일상  건강가전,49905,https://www.instagram.com/2_0nami/
전다은,s2_davely,,패션  일상,69754,https://www.instagram.com/s2_davely/
엄마가 편한 육아 💫 • 김은혜,dmspzlzl,,육아/키즈  일상,39855,https://www.instagram.com/dmspzlzl/
해피미 이은미 | 여아 머리묶기 팁,happy._mi_,,패션  일상,30254,https://www.instagram.com/happy._mi_/
아이와 여행 크리에이터 | 민민투어 김혜연,minmin_tour,,육아/키즈  일상,43461,https://www.instagram.com/minmin_tour/
우지홈 | 감성 리빙템 • 작가 그릇  |,wozyhome,,F&B  홈/리빙,50894,https://www.instagram.com/wozyhome/
샤인맘 | 세자매 맘 | 𝐿𝑒𝑒 𝑚𝑖 𝑠𝑢𝑛,shine_mom_,,육아/키즈  교육,99591,https://www.instagram.com/shine_mom_/
비니주니홈 | 정자영,loveforjr,,다이어트/건강보조식품  뷰티,44510,https://www.instagram.com/loveforjr/
최은아,eunnnah_,,패션  뷰티,48722,https://www.instagram.com/eunnnah_/
안영,chulsoo_dog,,강아지  일상,187655,https://www.instagram.com/chulsoo_dog/
책육아하는 오니맘ᰔ 𝓰𝓪𝓻𝓪𝓶𝓴𝓲𝓶,oni_mom__,,육아/키즈  일상,64193,https://www.instagram.com/oni_mom__/
스텔라맘.권수림,iam_shumom,,교육  육아/키즈,52116,https://www.instagram.com/iam_shumom/
고지연 (다라온맘) | 워킹맘의 다이어트,mylittle.on,,일상  육아/키즈,59859,https://www.instagram.com/mylittle.on/
dohamom 도하맘유아식 /손주희,do_ha0720,,육아/키즈  F&B,69825,https://www.instagram.com/do_ha0720/
네이버 도치맘카페 🦔,dochithink,,교육  문학/종교/역사,193101,https://www.instagram.com/dochithink/
손하윤 (바비윤)🐰 | 피부과9년차가 알려주는 피부관리 다이어트 뷰티 꿀팁,hayoonson_,,뷰티  일상,52722,https://www.instagram.com/hayoonson_/
"책육아하는 카롱맘, 박신비",caron._.mom,,일상  육아/키즈,75780,https://www.instagram.com/caron._.mom/
Korea beauty 🇰🇷,sshin_style,,일상  패션,32438,https://www.instagram.com/sshin_style/
지나핏 홈트 Gina Jiyeon Lee,ginafitt_,,피트니스  다이어트/건강보조식품,190559,https://www.instagram.com/ginafitt_/
봉봉 𝖻𝗈𝗇𝖻𝗈𝗇 | 𝖩𝖾𝗈𝗇𝗀𝗁𝗐𝖺 𝖸𝗎𝗄,petitbonbon_wondermom,,F&B  일상,190189,https://www.instagram.com/petitbonbon_wondermom/
유나네 공부루틴(유나맘),yuna_house_,,교육  문학/종교/역사,39475,https://www.instagram.com/yuna_house_/
또니맘 l 육아용품 l 유아식 l 육아정보,seohui_jeong,,문구/완구  육아/키즈,222786,https://www.instagram.com/seohui_jeong/
지해 | 신혼집인테리어,haedal_home,,홈/리빙  일상,190141,https://www.instagram.com/haedal_home/
껀미언니,ggunmi_,,패션  F&B,38361,https://www.instagram.com/ggunmi_/
이여영,___yiyoyong,,다이어트/건강보조식품  건강가전,35748,https://www.instagram.com/___yiyoyong/
(주)매일부엌  |  임은희(비비안림),vivian_lim17,,F&B  홈/리빙,61741,https://www.instagram.com/vivian_lim17/
유주맘 | 윤예진,yoonemy_,,육아/키즈  일상,102149,https://www.instagram.com/yoonemy_/
"책육아하는 시우맘 ✐ eunsil, hwang",__siu.mom,,일상  홈/리빙,147564,https://www.instagram.com/__siu.mom/
DAYONE 데이원,day_one212,,일상  홈/리빙,134119,https://www.instagram.com/day_one212/
서도아네 ㅣ 여행 인플루언서 아이랑 여행 (SANGJINMOON),seo_do.a,,육아/키즈  F&B,103248,https://www.instagram.com/seo_do.a/
다겨미네🩷|CHAEEUN OH,ssugssug_baby,,다이어트/건강보조식품  육아/키즈,112369,https://www.instagram.com/ssugssug_baby/
디나인84(D.NINE.84),d.nine.84,,홈/리빙  일상,114094,https://www.instagram.com/d.nine.84/
비비르앤 𝒗𝒊𝒗𝒊𝒓𝒂𝒏𝒏,vivir_ann_,,홈/리빙  일상,166865,https://www.instagram.com/vivir_ann_/
이애람,ho____yi,,홈/리빙  일상,61818,https://www.instagram.com/ho____yi/
스탭퍼아줌마 🤗유튜브-나의새벽🎥,hnmn.co.kr,,일상  다이어트/건강보조식품,77256,https://www.instagram.com/hnmn.co.kr/
김영은(솔맘🤍),memmem_home,,홈/리빙  일상,33635,https://www.instagram.com/memmem_home/
미라클식탁 임은주,miracle_eunju119,,F&B  일상,326829,https://www.instagram.com/miracle_eunju119/
렐사 | 현금생활 순금 모으기,relsa_saving,,다이어트/건강보조식품  일상,60287,https://www.instagram.com/relsa_saving/
🐰유니로미 | 아기옷•유아동복 | 라무르공구,uni__lomi,,육아/키즈  패션,50466,https://www.instagram.com/uni__lomi/
레이테이블 |,lay_table,,F&B  일상,88197,https://www.instagram.com/lay_table/
힐링쿡 | 건강요리 | 간단요리 | 요리꿀팁 | 다이어트식단,healingcook_,,F&B  일상,78792,https://www.instagram.com/healingcook_/
스탠리 공구 l STANLEY Tools,stanleytools_kr,,홈/리빙  일상,32675,https://www.instagram.com/stanleytools_kr/
🍒체리 / 최예진,cherryhanee,,스포츠  패션,55997,https://www.instagram.com/cherryhanee/
마이리얼트립,myrealtrip,,여행/관광  유명장소/핫플,117562,https://www.instagram.com/myrealtrip/
먹는게 제일 좋아 ◡̈,bon_bong_bon_bong,,F&B  여행/관광,31447,https://www.instagram.com/bon_bong_bon_bong/
바이쏨 ✲ 아이와 국내 • 해외여행,_byssom,,여행/관광  육아/키즈,148337,https://www.instagram.com/_byssom/
김원효,wonhyo0925,,일상  F&B,76658,https://www.instagram.com/wonhyo0925/
"순심, 덕선, 삼순 [순덕삼]",sun_sim_,,강아지  일상,325980,https://www.instagram.com/sun_sim_/
막퍼영_막퍼주는영어,jhan_english_lover,,교육  육아/키즈,61898,https://www.instagram.com/jhan_english_lover/
비숑 남매 뽀순🤍뽀대,cute.bbo.bbo,,강아지  일상,140338,https://www.instagram.com/cute.bbo.bbo/
쇼핑엔 지혜가 필요해,kimjihye79,,뷰티  일상,209502,https://www.instagram.com/kimjihye79/
크리미슈,chezsusie,,F&B  일상,63432,https://www.instagram.com/chezsusie/
김선신,sunshinann,,패션  일상,83814,https://www.instagram.com/sunshinann/
강빈맘 (작가),kangbinmom_,,육아/키즈  일상,95125,https://www.instagram.com/kangbinmom_/
이선영 #진수재미 #인피니블랑 #여배우스킨,infiniblanc,,뷰티  일상,35460,https://www.instagram.com/infiniblanc/
은우맘/토끼쌤❤️,rabbit.0730,,일상  홈/리빙,33640,https://www.instagram.com/rabbit.0730/
다름이네,dareum_bap,,F&B  일상,51062,https://www.instagram.com/dareum_bap/
오혜진,elly_elin,,강아지  F&B,153642,https://www.instagram.com/elly_elin/
"별이네자매,아이와가볼만한곳",eundan_ahah,,여행/관광  유명장소/핫플,134568,https://www.instagram.com/eundan_ahah/
김나라 | 미쎄스 라라 집밥 클럽 #모든날미라클 ✨,mrs.rara___,,육아/키즈  일상,109493,https://www.instagram.com/mrs.rara___/
쭌디◡̈ 요리에 진심인 부부👫,jjundy_cook,,F&B  일상,168444,https://www.instagram.com/jjundy_cook/
김현정 청이레시피,chung_e_recipe,,F&B  일상,228986,https://www.instagram.com/chung_e_recipe/
👩🏻‍🍳 집밥연구가 문성실,moonsungsil,,일상  F&B,291722,https://www.instagram.com/moonsungsil/
"듀 Dew 🕊️ Yiseul, Lee",dew_with_you,,일상  패션,66590,https://www.instagram.com/dew_with_you/
다른바른맘 | 영양사맘 건강 유아식 (정은주),dareun_mamma,,F&B  육아/키즈,75582,https://www.instagram.com/dareun_mamma/
정보요정 도아맘💌 김미정,doamom_,,육아/키즈  일상,56506,https://www.instagram.com/doamom_/
여행 크리에이터 / 지아맘 박유미,rurus_yumi,,유명장소/핫플  여행/관광,79055,https://www.instagram.com/rurus_yumi/
대전에서 뭐 하지? 대전맛집 대전카페 대전여행 대전가볼만한곳,all.about.daejeon,,F&B  여행/관광,200564,https://www.instagram.com/all.about.daejeon/
요미맘트래블 | CHAE SUN A,yomimom_travel,,여행/관광  유명장소/핫플,289688,https://www.instagram.com/yomimom_travel/
이인경,joodeul,,일상  여행/관광,63194,https://www.instagram.com/joodeul/
노유림 후맘 hoo_mom__,hoo_mom__,,일상  결혼/연애,93677,https://www.instagram.com/hoo_mom__/
멋쓰랩 박수정 | 육아 리빙 인테리어 DIY 블로거,mssslab,,육아/키즈  홈/리빙,45668,https://www.instagram.com/mssslab/
살림은 박가장 | 살림꿀팁 • 청소꿀팁,sallim_gajang,,홈/리빙  건강가전,143847,https://www.instagram.com/sallim_gajang/
션마미마켓 최주연 | 육아살림템 공구,heijony,,F&B  육아/키즈,35325,https://www.instagram.com/heijony/
Kwon Eun Jung,salonl_kwon,,일상  패션,52108,https://www.instagram.com/salonl_kwon/
유아식 아기간식 레시피 | 리율맘(신채은),_riyul_mom,,F&B  일상,73507,https://www.instagram.com/_riyul_mom/
"마이희로 , Lee hayoung",hero._luv,,육아/키즈  일상,60251,https://www.instagram.com/hero._luv/
Minjeong Kim (공구계의 만물상),vera_kim86,,육아/키즈  다이어트/건강보조식품,80772,https://www.instagram.com/vera_kim86/
"차니맘║놀이와 배움이 머무는 공간
𝓂𝒾𝓃𝒿𝓊 𝓀𝒾𝓂",lovechan0514,,육아/키즈  교육,57504,https://www.instagram.com/lovechan0514/
요정엄마,fairy__mom,,일상  육아/키즈,115887,https://www.instagram.com/fairy__mom/
혜니 • Bang hyein,b_hyeni,,일상  육아/키즈,81055,https://www.instagram.com/b_hyeni/
요리 구원자 쿡원자 | JO YESOM,cookwonja,,F&B  일상,171368,https://www.instagram.com/cookwonja/
로니맘스타그램🚀로니마켓,kikimi033,,육아/키즈  홈/리빙,63353,https://www.instagram.com/kikimi033/
샤인약사ㅣ 염증 디톡스 약사 💛,shine_yaksa,,다이어트/건강보조식품  F&B,62134,https://www.instagram.com/shine_yaksa/
정리의여왕 짱구맘 | 전문직워킹맘,jjanggu._.mom,,육아/키즈  일상,42066,https://www.instagram.com/jjanggu._.mom/
김도윤,woovelymom,,패션  육아/키즈,40162,https://www.instagram.com/woovelymom/
골드젬 | 14k 18k 24k 주얼리 공장 금은방,goldgem_jewelry,,패션  일상,35406,https://www.instagram.com/goldgem_jewelry/
여행정보🌠 (김은혜),popopapa_mom,,일상  문구/완구,49864,https://www.instagram.com/popopapa_mom/
짤줍,zzal.zup,,짤/밈  일상,94789,https://www.instagram.com/zzal.zup/
🌟아이템 똑부러지게 골라오는 휘안맘! Kimseongyoon,oui.oui_,,육아/키즈  교육,50593,https://www.instagram.com/oui.oui_/
심플리홈,__simplyhome,,홈/리빙  일상,215680,https://www.instagram.com/__simplyhome/
비비안 | 유아식솥밥|밥태기•편식해결사,vivian_bob_,,육아/키즈  F&B,112113,https://www.instagram.com/vivian_bob_/
통통베이비 (아동복공구),kby3072,,패션  육아/키즈,33736,https://www.instagram.com/kby3072/
숨마리 | 프리미엄 키친 & 라이프 스타일,soom_mari,,홈/리빙  F&B,80841,https://www.instagram.com/soom_mari/
무속연구가_무당_노슬비_ 노주은,all_cats_are_gray_in_the_dark,,결혼/연애  일상,45588,https://www.instagram.com/all_cats_are_gray_in_the_dark/
젤로핏 이재선 ➰ 저속노화 | 건강 먹거리 | 혈당관리,jellofit_,,F&B  일상,50220,https://www.instagram.com/jellofit_/
땡스맘,thanks_maam,,일상  F&B,237891,https://www.instagram.com/thanks_maam/
💎 히히스카이라운지_박희경,heehee_skylounge,,패션  일상,112069,https://www.instagram.com/heehee_skylounge/
수아르(의류) & 렘브레(프리미엄 리빙) 운영자 신은지입니다.,soir_82,,패션  일상,33736,https://www.instagram.com/soir_82/
베이지  | 베스트 & 이지 | 우수빈,beige_yaksa,,다이어트/건강보조식품  육아/키즈,93145,https://www.instagram.com/beige_yaksa/
김현숙 | 최아아아|,choi.3aaa,,일상  육아/키즈,126319,https://www.instagram.com/choi.3aaa/
Kimjieun,kimjieun__,,다이어트/건강보조식품  피트니스,41121,https://www.instagram.com/kimjieun__/
이동미 / 라디엠키친 / 집밥 요리,dongmi__lee,,F&B  일상,375360,https://www.instagram.com/dongmi__lee/
Lee Yoonmi,wondermommy_leeyoonmi,,패션  일상,165129,https://www.instagram.com/wondermommy_leeyoonmi/
Isabella Ferrari 벨라진,bellajin75,,일상  육아/키즈,97043,https://www.instagram.com/bellajin75/
투하맘 |  임신출산 • 육아꿀팁 • 육아정보,rachel_.rr,,육아/키즈  일상,71515,https://www.instagram.com/rachel_.rr/
라엘맘 ㅣ육아정보ㅣ육아템 | danbi,rael_mom,,육아/키즈  일상,58337,https://www.instagram.com/rael_mom/
이 지혜,jeje_100hajum,,패션  일상,130997,https://www.instagram.com/jeje_100hajum/
무한엄양 주부인플루언서 요리인플루언서 살림 푸드 영상크리에이터,eaum0801,,F&B  홈/리빙,242668,https://www.instagram.com/eaum0801/
전희선| 굿데이 | 집밥ㅣ반찬ㅣ레시피ㅣ,goodday_000,,F&B  일상,54040,https://www.instagram.com/goodday_000/
리즈약사 | 박보람,liz_yaksa,,다이어트/건강보조식품  육아/키즈,85322,https://www.instagram.com/liz_yaksa/
러블리아인 오수경,lovely._.ain,,일상  홈/리빙,81576,https://www.instagram.com/lovely._.ain/
권보미 | 언니같은 엄마가 목표💫,___bomi____,,다이어트/건강보조식품  일상,43105,https://www.instagram.com/___bomi____/
청주에서 뭐 하지? 청주맛집 청주카페 청주여행 청주가볼만한곳,all.about.cheongju,,F&B  유명장소/핫플,137068,https://www.instagram.com/all.about.cheongju/
J’adore 자도르,jadore________,,F&B  일상,123444,https://www.instagram.com/jadore________/
윈터맘 | 작사가 | 책육아 | 초등독서,ecuni_kokkiri,,문학/종교/역사  일상,33926,https://www.instagram.com/ecuni_kokkiri/
살림 청소 꿀팁 우렁신랑 & 각시,woorung2_life,,홈/리빙  일상,300132,https://www.instagram.com/woorung2_life/
엘플랑 | 건강 회복습관 큐레이터 | 청춘리셋 | 남양화,elplanc_health,,다이어트/건강보조식품  일상,88269,https://www.instagram.com/elplanc_health/
지니홈,jini__home_,,홈/리빙  육아/키즈,112940,https://www.instagram.com/jini__home_/
써니어트,suniet_fit,,뷰티  일상,49122,https://www.instagram.com/suniet_fit/
떠아니네ㅣ mihye kim,_s.anni_,,육아/키즈  일상,65204,https://www.instagram.com/_s.anni_/
정보요정 우진맘(김은정)🧚🏻‍♀️✨,totomoii0211,,육아/키즈  일상,74295,https://www.instagram.com/totomoii0211/
달리테이블 / Park Jaehee,dali_table,,F&B  홈/리빙,116369,https://www.instagram.com/dali_table/
명희홈쿡 최명희 👩‍🍳 유아식 / 집밥,myunghee_homecook,,F&B  육아/키즈,141022,https://www.instagram.com/myunghee_homecook/
여수 태희엄마 | 오늘의집밥,c.o.u.n.t.r.y.girl,,F&B  일상,60192,https://www.instagram.com/c.o.u.n.t.r.y.girl/
작가 김가희 단아맘💜,gonggamstar,,일상  육아/키즈,125145,https://www.instagram.com/gonggamstar/
남혜리,hyerrring_,,다이어트/건강보조식품  홈/리빙,131291,https://www.instagram.com/hyerrring_/
책육아 우주맘공구 (YEWON MOON),master_yewon,,F&B  일상,40097,https://www.instagram.com/master_yewon/
매주가족 | 캠핑 | 여행,meju.family,,여행/관광  홈/리빙,54798,https://www.instagram.com/meju.family/
솔솔홈 (박소현),solsol_home,,홈/리빙  일상,170325,https://www.instagram.com/solsol_home/
이안리빙  최은하,ian_living_,,홈/리빙  일상,77644,https://www.instagram.com/ian_living_/
또후니맘💛 | 육아고민 쉽고 간결하게 해결해요 (임채린),ddohuni_mom,,홈/리빙  육아/키즈,102101,https://www.instagram.com/ddohuni_mom/
Choi seong ju,_ju.ya,,일상  홈/리빙,31988,https://www.instagram.com/_ju.ya/
켈리맘•육아정보•HOME🧸,kelley_mom_dad,,육아/키즈  일상,48986,https://www.instagram.com/kelley_mom_dad/
츄아맘 💫 경력직 둘째맘의 '발로 하는 쉬운 육아',chu_aa.mom,,육아/키즈  다이어트/건강보조식품,49706,https://www.instagram.com/chu_aa.mom/
"밍 (이한n이나맘), Minji Lee",ming_9.3,,육아/키즈  문학/종교/역사,50050,https://www.instagram.com/ming_9.3/
육아정보 건강정보 | 약사부부,yaksa__bubu,,육아/키즈  다이어트/건강보조식품,72882,https://www.instagram.com/yaksa__bubu/
모먹냥?! (지원) |서울맛집 · 경기맛집 · 인천맛집|,mo_muknyang,,F&B  일상,65673,https://www.instagram.com/mo_muknyang/
잭선장 | 서울맛집 잠실맛집 강남맛집,jack__foodie,,F&B  일상,126793,https://www.instagram.com/jack__foodie/
먹중사 | 서울맛집 핫플 신상 꿀팁,muk_joongsa,,F&B  일상,126727,https://www.instagram.com/muk_joongsa/
Jaekwang Baek,7aekwang,,F&B  일상,399400,https://www.instagram.com/7aekwang/
웰컴준 𝗜 김유정,welcome_june,,육아/키즈  일상,70051,https://www.instagram.com/welcome_june/
ouioui aveck 🍀,oui.aveck,,패션  일상,97321,https://www.instagram.com/oui.aveck/
히희 I 서울맛집 경기맛집,hihee.e,,F&B  일상,44937,https://www.instagram.com/hihee.e/
보미맘🌸엄마표 워크지 I 실용육아 큐레이터,_bomi.mom_,,육아/키즈  홈/리빙,40472,https://www.instagram.com/_bomi.mom_/
김준환,junanvibe,,일상  패션,62345,https://www.instagram.com/junanvibe/
메리복어 🐡,merry_bokeo,,여행/관광  피트니스,42014,https://www.instagram.com/merry_bokeo/
림림월드 | 몬테소리ㆍ책육아ㆍ육아정보,limlimworld_,,육아/키즈  홈/리빙,34441,https://www.instagram.com/limlimworld_/
캠핑 | 여행 🏕️ 캠핑클럽,camping_club_,,여행/관광  F&B,330441,https://www.instagram.com/camping_club_/
당신의 건강습관 메이커 | 도비약사 | 정인지,dobi_yaksa,,다이어트/건강보조식품  F&B,108285,https://www.instagram.com/dobi_yaksa/
쑤짱홈트 | 홈트 | 다이어트 | 이너뷰티 | 이너건강,im_soo_homefit,,다이어트/건강보조식품  피트니스,253583,https://www.instagram.com/im_soo_homefit/
쀼약사 l 변종석,bbuuu_yaksa,,다이어트/건강보조식품  일상,68674,https://www.instagram.com/bbuuu_yaksa/
Genie Eugen Song,tweet_song,,건강가전  다이어트/건강보조식품,39894,https://www.instagram.com/tweet_song/
준데이(Yerin noh),jun.i___,,F&B  일상,78772,https://www.instagram.com/jun.i___/
켈리퀸 다이어트ㅣ58세 왕언니 김채형 ​​​​​'◡',kelly_queen_diet,,뷰티  일상,73092,https://www.instagram.com/kelly_queen_diet/
윤윤이네마켓 김주희 🧸 seododa 삼남매엄마 👩🏻,jhkgirl12,,F&B  육아/키즈,39731,https://www.instagram.com/jhkgirl12/
시즈널키친,_seasonal.kitchen,,F&B  다이어트/건강보조식품,45796,https://www.instagram.com/_seasonal.kitchen/
유이마켓 | 심혜란,yakstagram_,,다이어트/건강보조식품  일상,166495,https://www.instagram.com/yakstagram_/
하리미쿡,harimi_cook,,F&B  일상,78371,https://www.instagram.com/harimi_cook/
크리스탈리 이수정,soojung_lee_,,패션  일상,232513,https://www.instagram.com/soojung_lee_/
최 하림,lectinfree_harim,,일상  육아/키즈,95358,https://www.instagram.com/lectinfree_harim/
주슐랭 여행인플루언서 전국 숙소 l 서울맛집 l 부산맛집 l 전국맛집,juchelin_life,,F&B  여행/관광,102159,https://www.instagram.com/juchelin_life/
율이네 집밥 | 김혜정,yul_house_,,육아/키즈  F&B,140765,https://www.instagram.com/yul_house_/
키토제닉 다이어트 6년차 석박사 부부 | 키토디자인랩,keto_design_lab,,F&B  일상,88208,https://www.instagram.com/keto_design_lab/
백수정,soojung_baik,,일상  결혼/연애,41511,https://www.instagram.com/soojung_baik/
신콕｜서울맛집 경기맛집,sh.cookkook,,F&B  여행/관광,251230,https://www.instagram.com/sh.cookkook/
[슬기로운 엄마생활] 슬엄생 리나 홍은실,wiselife_rina,,일상  교육,126353,https://www.instagram.com/wiselife_rina/
샐러드리,salad__lee,,F&B  홈/리빙,48617,https://www.instagram.com/salad__lee/
이응홈🏠 | 애정을 담은 살림,ieung_home,,홈/리빙  일상,44255,https://www.instagram.com/ieung_home/
키키솜,kiki__som,,일상  홈/리빙,57477,https://www.instagram.com/kiki__som/
동채🫧 |  요리하는 상여자,dongchae___,,F&B  홈/리빙,196278,https://www.instagram.com/dongchae___/
도로시집밥 (김현복 ),dorothy_jipbab,,F&B  홈/리빙,110309,https://www.instagram.com/dorothy_jipbab/
sᴜ ʏᴇᴏɴ ✿ (책육아 이준맘),podo.mom,,일상  홈/리빙,83794,https://www.instagram.com/podo.mom/
조윤정,remy_mom__,,일상  여행/관광,194102,https://www.instagram.com/remy_mom__/
뽐브레시피ㅣ제철음식 이야기,bbombrunch,,F&B  일상,131263,https://www.instagram.com/bbombrunch/
모모키친,momo_kitchen802,,F&B  일상,83555,https://www.instagram.com/momo_kitchen802/
러브율홈🏡,luvyul_home,,일상  홈/리빙,57001,https://www.instagram.com/luvyul_home/
길쭉이네🏡💕/ Eunjin Cho,eunjin_1225,,F&B  홈/리빙,184582,https://www.instagram.com/eunjin_1225/
김미애,m1_ae_,,F&B  일상,323261,https://www.instagram.com/m1_ae_/
"영어교육하는 핫세맘, Yu Kyeong Kim",hattsay_mom.__,,육아/키즈  여행/관광,105423,https://www.instagram.com/hattsay_mom.__/
김소정,ruri7_home,,육아/키즈  일상,50092,https://www.instagram.com/ruri7_home/
살림구조대,rescue.salim,,홈/리빙  일상,65168,https://www.instagram.com/rescue.salim/
버건디홈 (진영) | 신혼집인테리어 & 살림,greatburgundy,,홈/리빙  일상,36013,https://www.instagram.com/greatburgundy/
러브띠띠 | 영양사엄마,luv_ddiddi,,F&B  일상,74565,https://www.instagram.com/luv_ddiddi/
심신활가 이뉴경 운동하는 건강 한끼언니,simsinhwalga_,,F&B  일상,41005,https://www.instagram.com/simsinhwalga_/
서지연,seojiyeon._,,홈/리빙  일상,67199,https://www.instagram.com/seojiyeon._/
골프의 모든것,golf_alll,,스포츠  짤/밈,70279,https://www.instagram.com/golf_alll/
김 민지,sihwan_mom84,,피트니스  일상,93768,https://www.instagram.com/sihwan_mom84/
안예인,yenisfree,,스포츠  일상,50769,https://www.instagram.com/yenisfree/
김지수,kimsajang88,,일상  패션,42655,https://www.instagram.com/kimsajang88/
마이웨이)&쎈언니 여성의류13년차 한승희,myway_2012,,일상  F&B,64377,https://www.instagram.com/myway_2012/
리코코진 ㅣ 40대 늦둥맘 김효진,licoco___jin,,육아/키즈  일상,30940,https://www.instagram.com/licoco___jin/
🕊️감성메리 I MYUNGSUNLEE🤍,kbeauty1004,,홈/리빙  일상,311116,https://www.instagram.com/kbeauty1004/
아롱레시피 | 삼남매맘 | 집밥 | 간식 | 살림템,along_recipe,,F&B  일상,138637,https://www.instagram.com/along_recipe/
한 끗 다른 초등맘 | 센스홍,sensehong,,육아/키즈  교육,85731,https://www.instagram.com/sensehong/
백반의장미,rose_tan2,,일상  F&B,197092,https://www.instagram.com/rose_tan2/
H. 집과 일상의 기록 🇰🇷🇺🇸,jbwb_love,,패션  여행/관광,38320,https://www.instagram.com/jbwb_love/
은스키친 권은경 🌿,eun_s_kitchen,,일상  F&B,34520,https://www.instagram.com/eun_s_kitchen/
도다미네 플레이스,dodamine_place,,육아/키즈  홈/리빙,124445,https://www.instagram.com/dodamine_place/
"영양제 디자이너,  두꺼비팜🐸",toad_pharm,,다이어트/건강보조식품  일상,106867,https://www.instagram.com/toad_pharm/
이둥맘 / 배나영,2doong2mom,,육아/키즈  교육,89088,https://www.instagram.com/2doong2mom/
파밀레모아 정진희 | 잘먹는 유아식,famille_et_moi,,F&B  육아/키즈,74602,https://www.instagram.com/famille_et_moi/
오얄가족의 육아툰 인스타툰 일상,oyal_art,,육아/키즈  일상,32928,https://www.instagram.com/oyal_art/
민뚀의 먹부림ㅣ김민정ㅣ인천맛집 서울맛집 경기맛집,min.ddo_o,,F&B  유명장소/핫플,124319,https://www.instagram.com/min.ddo_o/
김쿼카,k_quokka_,,짤/밈  일상,74268,https://www.instagram.com/k_quokka_/
인스타 마켓 일타 강사︱김시언(세아맘),se__a_vely,,일상  육아/키즈,32054,https://www.instagram.com/se__a_vely/
웰씨(정원선) | 웰니스 크리에이터,wealthy__wellness,,F&B  다이어트/건강보조식품,53236,https://www.instagram.com/wealthy__wellness/
𝗕𝗿𝗼 𝗛𝗲𝗮𝗹𝘁𝗵 𝗖𝗮𝗿𝗲 | 형제약사 | 최형재,bro_yaksa,,건강가전  다이어트/건강보조식품,90049,https://www.instagram.com/bro_yaksa/
강남허준 박용환 Dr.Harang 닥터하랑,drharang,,다이어트/건강보조식품  건강가전,253711,https://www.instagram.com/drharang/
"헬썬🍀 홈트, 식단, 건강이야기",hell.ssun_,,F&B  건강가전,167235,https://www.instagram.com/hell.ssun_/
Kim Jaeil (리얼커플 여행 인플루언서),real_couple0815,,여행/관광  유명장소/핫플,131816,https://www.instagram.com/real_couple0815/
김수진 | 케이수잔,k.sujan,,일상  패션,110766,https://www.instagram.com/k.sujan/
에듀나비  Jin Sun Seo,edu_navi,,육아/키즈  교육,111647,https://www.instagram.com/edu_navi/
KIM JUYOUNG 쭈드레,jju_dresser,,일상  뷰티,268584,https://www.instagram.com/jju_dresser/
170 다온맘(박종혜),parkjonghye83,,여행/관광  유명장소/핫플,182370,https://www.instagram.com/parkjonghye83/
삐꾸와 세자매 자동이의 애견동반 라이프,jadong_travel__,,강아지  여행/관광,38866,https://www.instagram.com/jadong_travel__/
옐로우 홈🍋 | nayoung,__yellow.home,,홈/리빙  F&B,77018,https://www.instagram.com/__yellow.home/
뽀이맘 민영,mymomstagram,,교육  문학/종교/역사,98930,https://www.instagram.com/mymomstagram/
ByHee✨바이희,byhee_,,여행/관광  육아/키즈,93604,https://www.instagram.com/byhee_/
주환루아단아맘 ㅣ 김채윤,love_you_jh,,육아/키즈  일상,35674,https://www.instagram.com/love_you_jh/
박소윤(호들맘) 곰보배추시럽 리숨,sounistagram,,육아/키즈  다이어트/건강보조식품,52616,https://www.instagram.com/sounistagram/
이유네홈 | 도희 ˘͈ ᵕ ˘͈♡ 육아·집꾸미기·여행,___e.you,,육아/키즈  홈/리빙,92709,https://www.instagram.com/___e.you/
단순할 현,dansunhyun,,홈/리빙  일상,178822,https://www.instagram.com/dansunhyun/
훈훈한 철수네🍎,cheolsoo_jindo,,강아지  일상,75708,https://www.instagram.com/cheolsoo_jindo/
삼손맘 (mom of three sons),samson_mom,,F&B  일상,339385,https://www.instagram.com/samson_mom/
강다겸,rena.at.home,,F&B  일상,217530,https://www.instagram.com/rena.at.home/
쭌맘공구,jjuunn_mom,,다이어트/건강보조식품  일상,125680,https://www.instagram.com/jjuunn_mom/
맘이가요ㅣ집밥레시피ㆍ살림템,mom_e_gayo,,홈/리빙  F&B,195294,https://www.instagram.com/mom_e_gayo/
주선화 (까망레시피),s._.h218,,다이어트/건강보조식품  F&B,118220,https://www.instagram.com/s._.h218/
since 2012 #바이바나,bybana__,,F&B  일상,34679,https://www.instagram.com/bybana__/
나짱구❤️,na.zzanggu,,홈/리빙  일상,64763,https://www.instagram.com/na.zzanggu/
쑤리빙 / 조수정,ssu_living,,홈/리빙  일상,108934,https://www.instagram.com/ssu_living/
메이비홈:) 박보연,maybe_sweety,,홈/리빙  일상,98041,https://www.instagram.com/maybe_sweety/
"안녕, 수현",ssuhyun__,,일상  F&B,42110,https://www.instagram.com/ssuhyun__/
메종드마미 | 살림,maisonde_mommy,,홈/리빙  일상,58183,https://www.instagram.com/maisonde_mommy/
건강 루틴 함께하는 빼자언니 우리약사♥️,woori_yaksa,,다이어트/건강보조식품  일상,37069,https://www.instagram.com/woori_yaksa/
이은빈,eunbin_dung,,육아/키즈  F&B,64460,https://www.instagram.com/eunbin_dung/
빈콩,d_been103,,F&B  일상,111145,https://www.instagram.com/d_been103/
Yeonghee Jang,suerte02,,F&B  일상,101921,https://www.instagram.com/suerte02/
H크리스탈🎞️,h_crystal_,,홈/리빙  일상,276079,https://www.instagram.com/h_crystal_/
서하경 KLPGA,katie_seo,,스포츠  여행/관광,44619,https://www.instagram.com/katie_seo/
장가현,jang.ga_hyun,,스포츠  여행/관광,70481,https://www.instagram.com/jang.ga_hyun/
SLEEPY / 슬리피,sleepycamo,,피트니스  일상,221423,https://www.instagram.com/sleepycamo/
슈니가은🪽,shuni_kaeun,,일상  패션,199751,https://www.instagram.com/shuni_kaeun/
김미정,jmom_table,,F&B  일상,330246,https://www.instagram.com/jmom_table/
조용상(살림은 조피디),salim_jopd,,홈/리빙  일상,83518,https://www.instagram.com/salim_jopd/
구월마님 | 이혜선,goowolmanim,,F&B  홈/리빙,129449,https://www.instagram.com/goowolmanim/
코루비 / 집꾸미기 홈인테리어 🫶,corub_i,,홈/리빙  일상,217223,https://www.instagram.com/corub_i/
봄햇살집ㅣ이층침대 거실서재화 아이방꾸미기,springsunshine.home,,홈/리빙  일상,135939,https://www.instagram.com/springsunshine.home/
박은혜 parkeunhye 朴恩惠,eunhye.p,,일상  사진/영상,186803,https://www.instagram.com/eunhye.p/
김유진,sarah_x_life,,피트니스  일상,143654,https://www.instagram.com/sarah_x_life/
수부해 최명환,subuhae._,,F&B  일상,125696,https://www.instagram.com/subuhae._/
이승호,cooktalk_daddy,,F&B  일상,206000,https://www.instagram.com/cooktalk_daddy/
Oliviakim( 올리비아킴 ),tweety_youri,,패션  스포츠,152398,https://www.instagram.com/tweety_youri/
JevilleBrew 제빌브루,jevillebrew,,F&B  일상,52543,https://www.instagram.com/jevillebrew/
몸짱약사민재원 | 제니약사,jenny_yaksa,,피트니스  건강가전,49729,https://www.instagram.com/jenny_yaksa/
"Mi jung Park, 빵미공간🍃",bbangmi.a,,F&B  홈/리빙,55826,https://www.instagram.com/bbangmi.a/
#믿쓰류 / 좋은영향을주는사람:),m1ss_ryu,,패션  홈/리빙,184881,https://www.instagram.com/m1ss_ryu/
농장 다니는 솔이엄마ㅣ최수진,_sol_mom,,F&B  일상,45329,https://www.instagram.com/_sol_mom/
황리라 /카페치즈태비/리라디파트먼트,cafe_cheesetabby,,일상  F&B,80954,https://www.instagram.com/cafe_cheesetabby/
lee chungmi,takkobebe,,육아/키즈  일상,50197,https://www.instagram.com/takkobebe/
주연약사 | 피부&건강&관리,jy_yaksa,,뷰티  일상,54682,https://www.instagram.com/jy_yaksa/
위키약사 · 이평화,wiki_vitafood,,다이어트/건강보조식품  일상,223742,https://www.instagram.com/wiki_vitafood/
리채움의 정리 동기부여 I 구선화,rechaeum,,홈/리빙  일상,257013,https://www.instagram.com/rechaeum/
유진이랑 김유진,yujinirang,,F&B  일상,236418,https://www.instagram.com/yujinirang/
아빠살림 김민준,appasallim,,홈/리빙  일상,187313,https://www.instagram.com/appasallim/
찌유,sammy__dragon,,육아/키즈  F&B,40536,https://www.instagram.com/sammy__dragon/
릴리샘의 맛있는 선택,lilybrown81,,F&B  일상,31436,https://www.instagram.com/lilybrown81/
유선영(딸기약사),strawberry_yaksa,,다이어트/건강보조식품  육아/키즈,84924,https://www.instagram.com/strawberry_yaksa/
정현주 |쭈야공간 | 새우요리전문가,jjuya_space,,F&B  일상,51436,https://www.instagram.com/jjuya_space/
오맘쿡  _박정화,5mom_cook,,F&B  홈/리빙,75980,https://www.instagram.com/5mom_cook/
지디노 | 살림소생 | 청소 살림팁,jidino_salim,,홈/리빙  일상,128983,https://www.instagram.com/jidino_salim/
마이아 | 최서은,my_a_kr,,여행/관광  일상,148571,https://www.instagram.com/my_a_kr/
따뜻한식탁 대표 김윤미,warmtable,,F&B  여행/관광,75594,https://www.instagram.com/warmtable/
망구미 | 일상에 도움이 되는 소소한 이야기,mang9mee,,여행/관광  F&B,96687,https://www.instagram.com/mang9mee/
두열무네집➰살림가게,salimgage_home,,육아/키즈  홈/리빙,111295,https://www.instagram.com/salimgage_home/
식탁정원 ❀ 이정원,sictac_jw,,F&B  홈/리빙,127165,https://www.instagram.com/sictac_jw/
필앳홈ㅣ이상아,feel._.athome,,육아/키즈  홈/리빙,95281,https://www.instagram.com/feel._.athome/
정원테이블,jungwon_table,,F&B  일상,194919,https://www.instagram.com/jungwon_table/
심플하루 CHOI EUNJI,simple_haru_,,홈/리빙  일상,118653,https://www.instagram.com/simple_haru_/
민쌤 | 홈트 • 줌바강사 김혜민,grow__min,,다이어트/건강보조식품  피트니스,118844,https://www.instagram.com/grow__min/
스타일퀸  / SINCE 2014,stylequeeninsta,,F&B  뷰티,61107,https://www.instagram.com/stylequeeninsta/
킴님 / kimmm_nim / 김 주,kimmm_nim,,일상  육아/키즈,215725,https://www.instagram.com/kimmm_nim/
박 효진(kyoz),kyozkyoz,,F&B  다이어트/건강보조식품,51311,https://www.instagram.com/kyozkyoz/
림쓰쿡 ㅣ 집밥레시피 쉬운요리,lims_cook,,F&B  홈/리빙,42832,https://www.instagram.com/lims_cook/
영유아 발달 · 치료사 엄마 | 김미강,woni_may,,문구/완구  육아/키즈,47734,https://www.instagram.com/woni_may/
아이랑여행 민경,bringyou_unni,,일상  육아/키즈,43320,https://www.instagram.com/bringyou_unni/
아베크플레르,avec_fleur,,홈/리빙  일상,88228,https://www.instagram.com/avec_fleur/
문정아 | 나만 알고싶은 도아맘의 센스육아💛,2doa_dyoa,,육아/키즈  일상,36445,https://www.instagram.com/2doa_dyoa/
응우쌤ㅣ홈트・다이어트・이너뷰티,eung_pila,,피트니스  다이어트/건강보조식품,130296,https://www.instagram.com/eung_pila/
체리밀🍒,cherry_meal,,F&B  일상,123706,https://www.instagram.com/cherry_meal/
골라쿡,gola_cook,,F&B  다이어트/건강보조식품,89594,https://www.instagram.com/gola_cook/
비글리맘 𖤐 울산 부산 경상권 가볼만한곳,boram_4823,,여행/관광  일상,121200,https://www.instagram.com/boram_4823/
쿵동맘 • 심쿵동남매  l  애개육아 • 육아템 • 육아정보 • 육아꿀팁,simkungdong,,육아/키즈  일상,34987,https://www.instagram.com/simkungdong/
👩🏻강미즈 | 유아식만드는 여자,kangms_msy,,F&B  일상,164495,https://www.instagram.com/kangms_msy/
헬로맘 ෆ 아이가 행복한 놀이중심육아 Kimhanseul,hello._.mom89,,문구/완구  육아/키즈,101299,https://www.instagram.com/hello._.mom89/
두리방울 룰루 개새남매,poodle_duri_parrot_bell,,강아지  기타동물,88081,https://www.instagram.com/poodle_duri_parrot_bell/
기용이티비 / 이경희,yong_mom,,일상  패션,267021,https://www.instagram.com/yong_mom/
이소라,soramood_,,뷰티  피트니스,50268,https://www.instagram.com/soramood_/
민스🌸 40대/홈트/요가/순환관리,viveza_mins,,피트니스  다이어트/건강보조식품,307259,https://www.instagram.com/viveza_mins/
초이,choibudl,,만화/애니/툰  뷰티,45740,https://www.instagram.com/choibudl/
"드클래스, 변지현👱🏼‍♀️",jh_byeon_,,일상  육아/키즈,43536,https://www.instagram.com/jh_byeon_/
리틀주니 junghyun park,little_juny,,일상  F&B,111854,https://www.instagram.com/little_juny/
살림잼 최유미,salrim_jam,,F&B  일상,105886,https://www.instagram.com/salrim_jam/
예쁜 임산부 임부복은ㅣ루시드라잇ㅣ김여울,yeori_yeori,,일상  패션,57969,https://www.instagram.com/yeori_yeori/
핑그리(해연),pingle_0215,,뷰티  건강가전,32266,https://www.instagram.com/pingle_0215/
열두달살림 | 집꾸미기.홈인테리어,12dalsarlim,,육아/키즈  일상,62402,https://www.instagram.com/12dalsarlim/
Yoo Jung Eun,siwani.mom,,문구/완구  패션,60943,https://www.instagram.com/siwani.mom/
꾀람쥐,raam____g,,홈/리빙  일상,46690,https://www.instagram.com/raam____g/
린쥬  |  살이 빠질수 밖에 없는 하루,rinjoo__,,다이어트/건강보조식품  피트니스,390491,https://www.instagram.com/rinjoo__/
유유즈 하우스 | 𝗠i𝗻 𝗝𝗲𝗼𝗻𝗴,uuj.haus,,홈/리빙  문구/완구,38845,https://www.instagram.com/uuj.haus/
정정살림 : 말로하는살림🎧,jungjunglovelove,,일상  홈/리빙,33938,https://www.instagram.com/jungjunglovelove/
율윤이네 : )♥️,urra_story,,육아/키즈  일상,39883,https://www.instagram.com/urra_story/
"kaOne,모두가원해🙌🏻",kaone815,,패션  일상,183436,https://www.instagram.com/kaone815/
해피린 | 육아맛집(건강/육아정보),happyrin_ne,,육아/키즈  일상,60205,https://www.instagram.com/happyrin_ne/
책육아하는 엄마약사𖤐ㅣ여름맘 ㅣJIWON JEONG,_jw.tothemoon,,육아/키즈  F&B,61722,https://www.instagram.com/_jw.tothemoon/
"예스키즈존 [키즈존, 여행, 이벤트]",yes.kidszone,,여행/관광  패션,153310,https://www.instagram.com/yes.kidszone/
옆집간호사 구슬언니,mommyland_kr,,일상  육아/키즈,94777,https://www.instagram.com/mommyland_kr/
루아홈,rua.home__,,홈/리빙  일상,49812,https://www.instagram.com/rua.home__/
집돌이미식가,housedol2,,일상  F&B,55531,https://www.instagram.com/housedol2/
별재이맘,90.07.11,,홈/리빙  일상,94059,https://www.instagram.com/90.07.11/
투아맘 | 둘째맘의 실속 육아템 | 이벤트맛집🎁,2a.mom_,,육아/키즈  홈/리빙,38225,https://www.instagram.com/2a.mom_/
ෆ 아하맘 | 홍정원 | 초등교육 책육아,ahha_smartedu,,문학/종교/역사  육아/키즈,57496,https://www.instagram.com/ahha_smartedu/
🙋🏻‍♀️동동맘네 성장일기,dongdongmom_step,,홈/리빙  일상,155824,https://www.instagram.com/dongdongmom_step/
김영미 | 애니한 l 육아 공감 릴스,anniehantv,,육아/키즈  일상,47559,https://www.instagram.com/anniehantv/
아엘파파 | 육아 엔지니어 👶⚙️ | 신혁,a.el_papa,,육아/키즈  다이어트/건강보조식품,32435,https://www.instagram.com/a.el_papa/
수리씨 soo kyung Lee,sooleesea,,여행/관광  일상,75113,https://www.instagram.com/sooleesea/
유유댁 /  이미란,yuyutime_,,F&B  일상,242823,https://www.instagram.com/yuyutime_/
뿌뿌약사 | 김다영,bbubbu_yaksa,,다이어트/건강보조식품  일상,124259,https://www.instagram.com/bbubbu_yaksa/
Ji Hee Kim,aiou__,,일상  패션,45927,https://www.instagram.com/aiou__/
버미네집 🏡 | 요리ㆍ집밥ㆍ건강식,beomine__,,F&B  일상,169859,https://www.instagram.com/beomine__/
hanna hwang,a_.ru._,,육아/키즈  일상,58550,https://www.instagram.com/a_.ru._/
살림에디터 두룸 | 정두미,doroom_ing,,홈/리빙  일상,159082,https://www.instagram.com/doroom_ing/
리리홈 | 이진희,leelee_home,,일상  육아/키즈,146752,https://www.instagram.com/leelee_home/
언제나 하유네,haune_always,,F&B  일상,34643,https://www.instagram.com/haune_always/
완콩맘 | 몬테소리•육아정보•엄마표놀이,wankong_mom,,육아/키즈  일상,33467,https://www.instagram.com/wankong_mom/
아임박선생🩷(박지혜),play__mom,,일상  홈/리빙,150797,https://www.instagram.com/play__mom/
엄마표영어 • 영어놀이 | 맘글에듀 대표 김슬아,momglish__,,일상  교육,107960,https://www.instagram.com/momglish__/
인천맛집 인천핫플 [핫돌스_최승열],hotdor_s,,F&B  일상,133783,https://www.instagram.com/hotdor_s/
쪼기 | 가족 여행 잠금 해제 🔐,gwiyeon_cho,,여행/관광  육아/키즈,92177,https://www.instagram.com/gwiyeon_cho/
또놀러가 (지하) | 광주 전남 전북 가볼만한곳,tto._.play,,여행/관광  결혼/연애,64260,https://www.instagram.com/tto._.play/
슈퍼젝션 홈 | 파이토신 루티너 비반콴트망카  파메스테틱 여드름 피부관리 | 이은희 에스테틱 파모라 대표,leeeunhee_aesthetic,,뷰티  건강가전,115757,https://www.instagram.com/leeeunhee_aesthetic/
🏃‍♀️한다 다이어트 l 한성연,han_diet__,,피트니스  다이어트/건강보조식품,34648,https://www.instagram.com/han_diet__/
코코꿀템/쓸모있는 제품&꿀팁을 알려드려요💕,coco_haus_,,홈/리빙  일상,120190,https://www.instagram.com/coco_haus_/
정세은 /  탄탄라인  홈트 👉 시크핏,chic._.fit,,피트니스  일상,48361,https://www.instagram.com/chic._.fit/
장채원ㅣ또또도아 🌻,do.a_2021,,육아/키즈  일상,165899,https://www.instagram.com/do.a_2021/
스마일약사| 당신의 건강에 웃음을😃| 서혜원,smile_yaksa,,육아/키즈  다이어트/건강보조식품,56349,https://www.instagram.com/smile_yaksa/
강약사 • Pharmacist • 강정이,__kang.yaksa,,다이어트/건강보조식품  일상,42470,https://www.instagram.com/__kang.yaksa/
차아정 | ajung,aj_xung,,뷰티  피트니스,112517,https://www.instagram.com/aj_xung/
모니카,monika.vibe_,,뷰티  일상,34826,https://www.instagram.com/monika.vibe_/
#김보미,bbomi0515,,일상  F&B,55777,https://www.instagram.com/bbomi0515/
프리비 김여경🍅,freeb_yeokyoung,,다이어트/건강보조식품  F&B,42247,https://www.instagram.com/freeb_yeokyoung/
다혜 최,luvv_dh,,패션  일상,81857,https://www.instagram.com/luvv_dh/
수민,mood_sue,,패션  일상,48111,https://www.instagram.com/mood_sue/
책육아 채은맘 📚 ᴡɪ ᴊɪʜʏᴇ,chaeeun._.mom,,문학/종교/역사  육아/키즈,40632,https://www.instagram.com/chaeeun._.mom/
Nahyun Kim,coco___knh,,일상  F&B,37395,https://www.instagram.com/coco___knh/
서로빈 | MATTELLA 대표,i.am_bin,,패션  일상,99101,https://www.instagram.com/i.am_bin/
이봄이,lee_bomyi,,패션  여행/관광,165526,https://www.instagram.com/lee_bomyi/
배윤정,hotchicksbyj,,다이어트/건강보조식품  일상,189253,https://www.instagram.com/hotchicksbyj/
더샵# 두아이엄마👨‍👩‍👧‍👧,hee5344,,패션  일상,43692,https://www.instagram.com/hee5344/
뚜뚜랑 노올자🏋️‍♂️,suyeon.91,,피트니스  뷰티,90016,https://www.instagram.com/suyeon.91/
어반데이 / 소현,fl.hyun,,홈/리빙  일상,141034,https://www.instagram.com/fl.hyun/
슬하홈🍃,seul_ha_home,,홈/리빙  일상,240430,https://www.instagram.com/seul_ha_home/
쁘띠써니 | 서선희•자기관리,ppretty_sunny,,F&B  다이어트/건강보조식품,77093,https://www.instagram.com/ppretty_sunny/
쭈니로니_papa,jjunny_ronny,,육아/키즈  일상,38650,https://www.instagram.com/jjunny_ronny/
봉선아 (샵봉),_shopbong,,뷰티  일상,92072,https://www.instagram.com/_shopbong/
이수경,i.love.jh,,패션  일상,95248,https://www.instagram.com/i.love.jh/
어느 EONEU,eoneu_,,패션  일상,48513,https://www.instagram.com/eoneu_/
홀릭홀릭,holicholic02,,패션  일상,70270,https://www.instagram.com/holicholic02/
박은지,kelly_ej,,여행/관광  패션,40005,https://www.instagram.com/kelly_ej/
와이블랑 (삼형제맘👶🏻👦🏻👦🏻),y__blanc,,일상  뷰티,72942,https://www.instagram.com/y__blanc/
"요니  l 핫딜,꿀팁 정보요정",yoni_lifee,,패션  일상,99289,https://www.instagram.com/yoni_lifee/
리틀라운지ㅣ김지현,little_lounge_,,홈/리빙  일상,31327,https://www.instagram.com/little_lounge_/
Just 엄마 ✨,just_mommyy_,,일상  육아/키즈,45854,https://www.instagram.com/just_mommyy_/
민동 ✦ 아이와 여행,kkimmmin,,여행/관광  육아/키즈,122194,https://www.instagram.com/kkimmmin/
슈퍼맘약사  임유미ㅣ약사이지만 엄마는 처음입니다.,supermom_yaksa,,다이어트/건강보조식품  일상,146068,https://www.instagram.com/supermom_yaksa/
안현정,wannabe_anne_,,다이어트/건강보조식품  일상,75553,https://www.instagram.com/wannabe_anne_/
노크노크홍언니👋🏻,nocnoc_beauty,,패션  F&B,171912,https://www.instagram.com/nocnoc_beauty/
초아 CHOA 허민진,minjinchoa,,육아/키즈  일상,172668,https://www.instagram.com/minjinchoa/
소율🌷,sssssssoyul,,다이어트/건강보조식품  일상,57921,https://www.instagram.com/sssssssoyul/
High_jjung / Park min jung,jjung4800000,,F&B  일상,139574,https://www.instagram.com/jjung4800000/
구름약사 박하늘 | 가까이 있는 약사친구,gureumpharm,,다이어트/건강보조식품  일상,85869,https://www.instagram.com/gureumpharm/
워킹맘의 하루 | 김민정,amy_at_home_and_cook,,F&B  일상,35239,https://www.instagram.com/amy_at_home_and_cook/
여행 크리에이터 | 렛츠고헤이즐,letsgo_hazel,,여행/관광  유명장소/핫플,57685,https://www.instagram.com/letsgo_hazel/
남매 양육 스토리 ㅣ진미선,ha_i_mom,,일상  육아/키즈,47411,https://www.instagram.com/ha_i_mom/
아모이,amoi_toon,,육아/키즈  일상,105276,https://www.instagram.com/amoi_toon/
Lee yuni / 이윤이,laun_kr,,육아/키즈  일상,181164,https://www.instagram.com/laun_kr/
,dazzlingdayz,,일상  F&B,35271,https://www.instagram.com/dazzlingdayz/
인천맛집 인천핫플 쫑규 | 종규선,jjong_mattang,,F&B  유명장소/핫플,54305,https://www.instagram.com/jjong_mattang/
(도도걸)｜관리는 타이밍,dodogirl_beauty,,뷰티  패션,33643,https://www.instagram.com/dodogirl_beauty/
암사자 이경진,i_am__saja,,패션  일상,57758,https://www.instagram.com/i_am__saja/
임땡땡,imttaengttaeng,,일상  뷰티,86022,https://www.instagram.com/imttaengttaeng/
초초❤ / 89부부의 일상,chovely_chocho,,짤/밈  일상,95527,https://www.instagram.com/chovely_chocho/
쿡연주 Kook Yeonjoo,kookyjoooo,,다이어트/건강보조식품  F&B,114376,https://www.instagram.com/kookyjoooo/
대장언니의 조식 일기,zzang.sister,,F&B  일상,52449,https://www.instagram.com/zzang.sister/
"놀이에 진심, 교구제작~!아이디어 뱅크🗽",jjin_ssem,,육아/키즈  공연/전시,35559,https://www.instagram.com/jjin_ssem/
NAEUN KIM <n a n n i > 🇺🇸🇰🇷,nannika_.s2,,F&B  여행/관광,213591,https://www.instagram.com/nannika_.s2/
쥴리 이경희 | 영어교육•영어교육자 양성•에듀셀렉터,julie.lalangs.academy,,교육  일상,65676,https://www.instagram.com/julie.lalangs.academy/
러블리밥,lovly_bab_,,F&B  미술/디자인,50090,https://www.instagram.com/lovly_bab_/
워터파랑,waterparang,,패션  일상,165737,https://www.instagram.com/waterparang/
육아툰 | 곽꿀벌,theluvstagram,,육아/키즈  일상,64534,https://www.instagram.com/theluvstagram/
황단영,sweet0thing,,일상  여행/관광,67919,https://www.instagram.com/sweet0thing/
코어블룸ㅣ여성운동 전문ㅣ전채린,core_bloom_,,피트니스  다이어트/건강보조식품,79780,https://www.instagram.com/core_bloom_/
최인경 럽미언니,loveme_unnie,,F&B  여행/관광,95904,https://www.instagram.com/loveme_unnie/
cho soyeon,shalala_sso,,F&B  여행/관광,60421,https://www.instagram.com/shalala_sso/
최하나(19만 뷰티유튜브 하나네집 & 로로앤코 CEO),hanachoi01,,뷰티  일상,51385,https://www.instagram.com/hanachoi01/
김민선,_mssssssss,,피트니스  일상,80092,https://www.instagram.com/_mssssssss/
"하비들의 구원 핏변태, 소재맛집 예소라트",_yyesol,,패션  일상,142709,https://www.instagram.com/_yyesol/
김라인,kimline_s,,뷰티  일상,32653,https://www.instagram.com/kimline_s/
정재화,dres_sia,,패션  미술/디자인,72775,https://www.instagram.com/dres_sia/
문서별ㅣ플러스사이즈모델 ㅣ행복을찾아서,west__star__,,뷰티  패션,84106,https://www.instagram.com/west__star__/
박신영,qtd___,,일상  패션,386769,https://www.instagram.com/qtd___/
BELLELEAH,belle_leah,,뷰티  일상,62661,https://www.instagram.com/belle_leah/
에스제이핏,sj__fit,,뷰티  일상,135197,https://www.instagram.com/sj__fit/
박 현경,blesshyun_,,일상  뷰티,68615,https://www.instagram.com/blesshyun_/
김은정 (이제이키친),ejskitchen1004,,F&B  일상,63399,https://www.instagram.com/ejskitchen1004/
박희연,saranghari_0528,,육아/키즈  일상,36722,https://www.instagram.com/saranghari_0528/
"송리나 , 두부누나네",song_rina,,일상  패션,63328,https://www.instagram.com/song_rina/
신윤휘,yuni45678,,패션  일상,36385,https://www.instagram.com/yuni45678/
비비뷰티 | BIBI BEAUTY,beautypro_bibi,,뷰티  일상,31265,https://www.instagram.com/beautypro_bibi/
메르시언니 | 뷰티 습관 큐레이터,merci_unnie,,뷰티  일상,34579,https://www.instagram.com/merci_unnie/
쁘니앙뜨 Song ju youn,ppante80,,뷰티  일상,52013,https://www.instagram.com/ppante80/
╹유니브╹다이어트╹순환╹홈트╹건강,yuniv_diet,,다이어트/건강보조식품  피트니스,119777,https://www.instagram.com/yuniv_diet/
고라희 | 페이스요가 & 홈케어,coco_vely1229,,뷰티  여행/관광,271436,https://www.instagram.com/coco_vely1229/
이혜주,heyjoo_lee,,패션  육아/키즈,273946,https://www.instagram.com/heyjoo_lee/
양유나,ohmysubak,,패션  여행/관광,153613,https://www.instagram.com/ohmysubak/
쏭이 | 노송이 | 립발색 | 가을웜톤,0401_sy,,뷰티  육아/키즈,94491,https://www.instagram.com/0401_sy/
미슐린ㅣ다이어트 ⋆ 뷰티,__misulin,,F&B  일상,61962,https://www.instagram.com/__misulin/
츄릅,ye.96.ye,,홈/리빙  일상,100231,https://www.instagram.com/ye.96.ye/
최에스더ㅣ𝗟𝗦𝗘𝗘𝗗 수아이레 더롬브 니씨드,esther000511,,패션  일상,79335,https://www.instagram.com/esther000511/
송현경 French Countryside Living by Esme,maison_esme,,F&B  일상,44486,https://www.instagram.com/maison_esme/
라미홈 ahram ⎟살림⠐집밥⠐꿀템,ramy__home,,홈/리빙  일상,80876,https://www.instagram.com/ramy__home/
(주)더청송/아이바디,mymom_apple,,F&B  일상,46900,https://www.instagram.com/mymom_apple/
우주맘 김슬기 | 면역력 유아식,oozoo_universe,,일상  F&B,64596,https://www.instagram.com/oozoo_universe/
됴미 | 살림 • 됴미식탁,dyom.y,,육아/키즈  F&B,160425,https://www.instagram.com/dyom.y/
다정한 엄마약사 |  유니약사,yuni__yaksa,,다이어트/건강보조식품  일상,158754,https://www.instagram.com/yuni__yaksa/
아무르제이 (김정아),_amour_j,,홈/리빙  일상,63755,https://www.instagram.com/_amour_j/
리틀쌤 | 방콕 국제학교 캠프 • 한 달살기,_little.ssam,,교육  일상,33454,https://www.instagram.com/_little.ssam/
안채미,chaemi_an,,일상  패션,56409,https://www.instagram.com/chaemi_an/
Queens Leeds CEO Kim Jin Young,queensleeds,,뷰티  일상,62315,https://www.instagram.com/queensleeds/
이미림,mi_ri_ma,,일상  홈/리빙,36266,https://www.instagram.com/mi_ri_ma/
리블리 LiveLovelyㅣ항암ㅣ다이어트ㅣ혈당ㅣ항노화,2asy.diet,,F&B  다이어트/건강보조식품,70908,https://www.instagram.com/2asy.diet/
윤은지 • 레딸,mymoms_recipe,,F&B  일상,106491,https://www.instagram.com/mymoms_recipe/
찬우맘 민정,mmjjk00,,일상  육아/키즈,50935,https://www.instagram.com/mmjjk00/
대로와 나나 | 여행,daero._.nana,,여행/관광  유명장소/핫플,75997,https://www.instagram.com/daero._.nana/
요리하는 민사장,minsajang_,,F&B  일상,206326,https://www.instagram.com/minsajang_/
괴산카페 | 오가리카페 | 대표 임지숙,ogaricafe,,일상  F&B,34955,https://www.instagram.com/ogaricafe/
집밥 아네스,agnes_zipbop,,F&B  일상,73870,https://www.instagram.com/agnes_zipbop/
홍지우,jiwu_jewelry,,뷰티  일상,50867,https://www.instagram.com/jiwu_jewelry/
균도,_d_rive,,패션  일상,70410,https://www.instagram.com/_d_rive/
또맘 (정도희) 아이랑갈만한곳 • 놀이교육전문가,icanddoit,,육아/키즈  일상,120045,https://www.instagram.com/icanddoit/
김소라 ▎태민이네 행복한 육아 • 여행 일지,tam.tam_ny,,일상  여행/관광,42923,https://www.instagram.com/tam.tam_ny/
이꽃님,flowerlove44,,일상  F&B,34651,https://www.instagram.com/flowerlove44/
윤현숙,yoonhyunsukzam,,일상  F&B,33935,https://www.instagram.com/yoonhyunsukzam/
찌유맘 🌸 김예진,dpwls88,,육아/키즈  일상,110813,https://www.instagram.com/dpwls88/
은복이네 김시현,eunbok.2,,다이어트/건강보조식품  일상,41908,https://www.instagram.com/eunbok.2/
류선아 써나원장,ryusunv,,다이어트/건강보조식품  일상,43478,https://www.instagram.com/ryusunv/
최지원ㅣ야미홈 5분요리👩🏻‍🍳,yummyhome_j,,F&B  일상,58587,https://www.instagram.com/yummyhome_j/
쇼쇼언니 임세영,seyoung.lim,,뷰티  일상,88459,https://www.instagram.com/seyoung.lim/
최 혜림,lavie_rim,,뷰티  일상,125624,https://www.instagram.com/lavie_rim/
단델리온 / 단비 Home & Lifestyle,love_danbi_home,,패션  패션,60204,https://www.instagram.com/love_danbi_home/
이현정 🐰레이디미미,by_ladymimi,,패션  일상,126022,https://www.instagram.com/by_ladymimi/
40대관리비법· 홈트· 식단｜천지혜,jihye_fit,,다이어트/건강보조식품  피트니스,137008,https://www.instagram.com/jihye_fit/
Plenilune / 커플룩 시밀러룩 /채원,plenilune__w,,패션  일상,88715,https://www.instagram.com/plenilune__w/
허안나,huranna,,뷰티  일상,58229,https://www.instagram.com/huranna/
Nay8420,nay8420,,패션  일상,34433,https://www.instagram.com/nay8420/
쎄쎄스튜디오 박하얀,thankyou__very,,육아/키즈  패션,35131,https://www.instagram.com/thankyou__very/
김해현,haehyuneee,,일상  육아/키즈,46711,https://www.instagram.com/haehyuneee/
둥잇🤍 둥이네 집밥 | 유아식&육아템,doong_eatt,,F&B  일상,58979,https://www.instagram.com/doong_eatt/
인생꿀템 깎언니,lifegooditem,,홈/리빙  F&B,495022,https://www.instagram.com/lifegooditem/
희아 | 여행 호텔 숙소 맛집 (HeeJee Mun),heeah_travel,,여행/관광  유명장소/핫플,177899,https://www.instagram.com/heeah_travel/
박서은 l 목리집박주부👩🏻‍🍳,mokri_house,,F&B  일상,246936,https://www.instagram.com/mokri_house/
안선영,anney_an_love,,일상  육아/키즈,174669,https://www.instagram.com/anney_an_love/
윤슬라멜맘ㅣ쉽게 만드는 아이주도유아식🤍Nayoung Seo,yoonseul.1009,,육아/키즈  일상,53120,https://www.instagram.com/yoonseul.1009/
제사장 | 의류판매 | 육아소통 | 남매맘,k__jenny,,패션  육아/키즈,84499,https://www.instagram.com/k__jenny/
에밀리엣홈ㅣ집밥 • 레시피 • 건강식 • 요리팁,emily.at_home,,F&B  여행/관광,188773,https://www.instagram.com/emily.at_home/
코지맘의 교육 멘토링,cozy_m.o.m,,교육  육아/키즈,83004,https://www.instagram.com/cozy_m.o.m/
강예빈,kang_ye_bin,,패션  뷰티,234407,https://www.instagram.com/kang_ye_bin/
아노조비🐶🐶🐻🐶,oh.seung.a,,강아지  일상,163338,https://www.instagram.com/oh.seung.a/
이 윤지 ✖️ 부티처,yoonji_booty,,피트니스  다이어트/건강보조식품,181318,https://www.instagram.com/yoonji_booty/
강래가생각나 | 헤어스타일링 | 업스타일,kangrae001,,뷰티  교육,151601,https://www.instagram.com/kangrae001/
이영현 | 투은맘 (은우은채맘),lovely_eunwoo,,육아/키즈  일상,225905,https://www.instagram.com/lovely_eunwoo/
위즈홈 | Wiz Home,wiz_home_,,홈/리빙  일상,108680,https://www.instagram.com/wiz_home_/
아밍제이 김현지,amming_j,,일상  뷰티,147912,https://www.instagram.com/amming_j/
이유선(봄곰양짱용),bomgom.cat,,고양이  일상,43297,https://www.instagram.com/bomgom.cat/
런쿡 runcook 100세까지 건강하게,run___cook,,일상  홈/리빙,265828,https://www.instagram.com/run___cook/
루루캠핑 l 아웃도어 l 여행 l JEON SUNJEONG,lulu_camping,,여행/관광  유명장소/핫플,113168,https://www.instagram.com/lulu_camping/
한달어터ㅣ- 20kgㅣ다이어트레시피,2one_mom,,다이어트/건강보조식품  F&B,42805,https://www.instagram.com/2one_mom/
쏘블리 Baking • Brunch 🎀,ssovely_baking,,F&B  일상,39384,https://www.instagram.com/ssovely_baking/
유리 • leeyoonsun,yuri_mom_sunny,,홈/리빙  뷰티,36865,https://www.instagram.com/yuri_mom_sunny/
약상담 해드리는 사나약사 | 약사 여도현,sana_yaksa,,뷰티  건강가전,140156,https://www.instagram.com/sana_yaksa/
김선우ㅣ뷰티전공자의 효율적 자기관리,sunw_oo_,,피트니스  다이어트/건강보조식품,81557,https://www.instagram.com/sunw_oo_/
"발달 전문가, 원민우 교수 II 언어&심리&육아",1minwoo,,육아/키즈  교육,131105,https://www.instagram.com/1minwoo/
최경희 달콤수학 꿀쌤,yuyum31,,교육  일상,350551,https://www.instagram.com/yuyum31/
Lemi(르미) ㅣ뷰티•홈케어•동안피부,lemi_brand.co,,뷰티  일상,58183,https://www.instagram.com/lemi_brand.co/
집도미 정윤아,jibbab_doumi,,F&B  일상,199727,https://www.instagram.com/jibbab_doumi/
미미하리🛍️  𝒮𝒽𝑜𝓌𝒽𝑜𝓈𝓉 ⋆,mimi.hari_,,뷰티  패션,42786,https://www.instagram.com/mimi.hari_/
이은율,bitterpeach.kr,,뷰티  F&B,66136,https://www.instagram.com/bitterpeach.kr/
노크노크 집꾸미기 | 이유진,knock.knock_home,,홈/리빙  일상,69848,https://www.instagram.com/knock.knock_home/
김은영/hair designer 도화,dohwa_,,뷰티  일상,268850,https://www.instagram.com/dohwa_/
김코코,coco.midnight,,패션  뷰티,74305,https://www.instagram.com/coco.midnight/
마 승희,shoong_eee,,패션  F&B,37690,https://www.instagram.com/shoong_eee/
피부의 모든 것 / 퍼스트희 뷰티하우스 대표 전희아,1st.hee,,뷰티  일상,38723,https://www.instagram.com/1st.hee/
컬리,marketkurly,,F&B  일상,195854,https://www.instagram.com/marketkurly/
쏭대장 | 𝐋𝐄𝐄 𝐒𝐎𝐍𝐆𝐘𝐈 🇰🇷,l__songyi,,패션  피트니스,143326,https://www.instagram.com/l__songyi/
"정민경, 미니결",minigyul__,,다이어트/건강보조식품  일상,255305,https://www.instagram.com/minigyul__/
"소피 | 홈트, 다이어트 식단 | 운동하는엄마",sophie_seryeon,,다이어트/건강보조식품  F&B,60149,https://www.instagram.com/sophie_seryeon/
이 은솔,sol.e2,,일상  패션,237966,https://www.instagram.com/sol.e2/
이진 | 미소맘 여행 특가티켓🎫,jinlee_,,여행/관광  육아/키즈,124954,https://www.instagram.com/jinlee_/
핑크파르페🍨ENTJ,pinkparfait0530,,뷰티  패션,46205,https://www.instagram.com/pinkparfait0530/
희야(정주희) ✨토핑이유식 유아식을 쉽게✨,j_heeya___,,육아/키즈  일상,201931,https://www.instagram.com/j_heeya___/
be현실,hyeonsill,,패션  일상,124959,https://www.instagram.com/hyeonsill/
밥먹으러왔서윤 | Jeong Yoonji,bbtaminn,,F&B  일상,240480,https://www.instagram.com/bbtaminn/
이지테이블 / 쉽고 건강한 식단,easy_table__,,F&B  다이어트/건강보조식품,320435,https://www.instagram.com/easy_table__/
대장언니 남미선,bbangya_haru,,F&B  일상,76306,https://www.instagram.com/bbangya_haru/
릴리수 Kim ji min,lillysoolalala,,패션  일상,61948,https://www.instagram.com/lillysoolalala/
이 주비 | 라엘언니,lael_unnie,,뷰티  다이어트/건강보조식품,71349,https://www.instagram.com/lael_unnie/
에스텔라 | 우아한 뷰티 tip,r.no1,,다이어트/건강보조식품  뷰티,78970,https://www.instagram.com/r.no1/
서성경 | 더이음 | 스타일링 & 뷰티,bible_seo,,일상  다이어트/건강보조식품,47027,https://www.instagram.com/bible_seo/
하비어터  Hati-hati  : 대표 안다은,habi_eoter,,일상  홈/리빙,236465,https://www.instagram.com/habi_eoter/
초간단 유아식 • 아기간식 / 간식당🏠 (이윤혜),gansik.dang,,육아/키즈  F&B,48449,https://www.instagram.com/gansik.dang/
초이끄 | 발리 사는 쌍둥이맘,choiquee,,다이어트/건강보조식품  일상,50322,https://www.instagram.com/choiquee/
큐레이터N 나해진,picturebook_curation_for_u,,교육  육아/키즈,78777,https://www.instagram.com/picturebook_curation_for_u/
"열매맘, 유아식 만드는 엄마 (김영은)",myyeolmae.days,,F&B  일상,47830,https://www.instagram.com/myyeolmae.days/
트민녀ㅣ최은실,t.minnn_,,일상  홈/리빙,126459,https://www.instagram.com/t.minnn_/
김은희편집장 | 이풍순 | 풍순이 | 풍순맘,news4u_eh,,일상  강아지,65551,https://www.instagram.com/news4u_eh/
"안코홈 | 청소, 살림, 육아",aan__co,,일상  홈/리빙,70836,https://www.instagram.com/aan__co/
기요니,gi_yoni,,홈/리빙  육아/키즈,110897,https://www.instagram.com/gi_yoni/
열무맘 | 현실육아 • 육아꿀팁💡,10mu.mom,,육아/키즈  홈/리빙,69048,https://www.instagram.com/10mu.mom/
육아유튜버➿다미댁 (𝑃𝑎𝑟𝑘𝑠𝑜𝑑𝑎𝑚),dami_721,,문구/완구  육아/키즈,93124,https://www.instagram.com/dami_721/
몰리츄 | 요린이 새댁의 초간단 야매요리,molli_chuu,,F&B  일상,67529,https://www.instagram.com/molli_chuu/
강남맘 ﹙강남˛ 강민이네﹚,kangnam_mom,,육아/키즈  일상,69909,https://www.instagram.com/kangnam_mom/
은하약사 | 손혜림,eunha__yak,,다이어트/건강보조식품  일상,89779,https://www.instagram.com/eunha__yak/
쓸모집 | 15평 작은집 살림,good_use_zip,,F&B  일상,80979,https://www.instagram.com/good_use_zip/
이오홈 | 살림 • 집꾸미기,eoo.home,,홈/리빙  일상,68494,https://www.instagram.com/eoo.home/
제나핏ㅣ언제나 빛날 나 ⭐️ㅣ홍지나,zenafit_,,다이어트/건강보조식품  피트니스,41126,https://www.instagram.com/zenafit_/
아디언니👱🏼‍♀️🎀 parkheeeun,adiunni_kids,,다이어트/건강보조식품  일상,32301,https://www.instagram.com/adiunni_kids/
다리미언니 | boakim,darimi_unni,,홈/리빙  일상,185150,https://www.instagram.com/darimi_unni/
손아영 | 집밥일타강사 | 뎅쿡,deng.cook,,F&B  일상,34514,https://www.instagram.com/deng.cook/
봉봉 | 공예가언니가 만드는 우리집🏡,bonbon.atelier22,,홈/리빙  일상,61663,https://www.instagram.com/bonbon.atelier22/
Hello롱초 | 아이랑 여행 숙소,hellorongcho_,,여행/관광  일상,44535,https://www.instagram.com/hellorongcho_/
꾸이네집 | 김승현 • 셀프 인테리어,ggu2.home,,홈/리빙  일상,31593,https://www.instagram.com/ggu2.home/
토옹쓰 ㅣ 1인가구 직장인다이어터,to.ongs_,,다이어트/건강보조식품  일상,76682,https://www.instagram.com/to.ongs_/
떠리맘 정주미 🧑🏻‍🏫 육아 정보 • 살림,seol.i_i,,육아/키즈  여행/관광,52261,https://www.instagram.com/seol.i_i/
"엄마는 환경조성가, 로이맘 | 배한나",hanssang_home,,육아/키즈  일상,38448,https://www.instagram.com/hanssang_home/
이슬비(뽀슈맘)/ 남매둥이엄마의 옥수동라이프,e.seul.b,,육아/키즈  일상,77376,https://www.instagram.com/e.seul.b/
송율공구,songyuul,,뷰티  일상,66002,https://www.instagram.com/songyuul/
박신영 약사맘👩‍⚕️| 건강 | 기능의학약사,yaksamom,,F&B  일상,121198,https://www.instagram.com/yaksamom/
영돌 ヨンドル KimYoungHyun,yh_ffancy,,여행/관광  일상,163093,https://www.instagram.com/yh_ffancy/
코코진 | 석명교,cocojin520,,일상  F&B,178404,https://www.instagram.com/cocojin520/
정윤혜 | Glow Habit,by.yunh_,,다이어트/건강보조식품  피트니스,229970,https://www.instagram.com/by.yunh_/
임다연 (Lim Dayoun),dayoun_power,,여행/관광  피트니스,40885,https://www.instagram.com/dayoun_power/
DEWLOUNGE ◡̈⃝︎⋆︎*🧡,dewlounge__,,패션  육아/키즈,30301,https://www.instagram.com/dewlounge__/
자이언트핑크,giantpink,,육아/키즈  일상,114371,https://www.instagram.com/giantpink/
김송,song9170,,F&B  일상,98802,https://www.instagram.com/song9170/
라무드파파,taeo.papa_,,여행/관광  일상,130882,https://www.instagram.com/taeo.papa_/
경선 | 아기가구 시즈시즈 | kyoungsun won,ksqm,,홈/리빙  육아/키즈,77161,https://www.instagram.com/ksqm/
요니테이블  김지연,1053yony.table,,F&B  홈/리빙,222279,https://www.instagram.com/1053yony.table/
바이지젤 ㅣ 이혜선,byzijjel,,홈/리빙  육아/키즈,83222,https://www.instagram.com/byzijjel/
석 은선,euns5,,F&B  일상,76082,https://www.instagram.com/euns5/
메이크업고민해결사 I 롱쌤,makeup_gomin,,뷰티  일상,37492,https://www.instagram.com/makeup_gomin/
라미🌈 슈슈엘르,rami_eun.j,,육아/키즈  일상,39002,https://www.instagram.com/rami_eun.j/
스몰리즈 smallies,smallies_,,패션  일상,42030,https://www.instagram.com/smallies_/
버터박🎧♥️박시현,butterpark_81,,F&B  일상,162926,https://www.instagram.com/butterpark_81/
피부가 예뻐지는 습관 💜 꼬무언니,kkomoo_beauty,,뷰티  일상,49029,https://www.instagram.com/kkomoo_beauty/
똑자씨 | 자대맘,yuneekim_,,일상  뷰티,48318,https://www.instagram.com/yuneekim_/
딱텐(김화민) |딱 10년전보다 빛나는 지금ㅣ자기관리,ddak_ten,,결혼/연애  일상,40218,https://www.instagram.com/ddak_ten/
홈틱 🏠,hometick2023,,홈/리빙  일상,77672,https://www.instagram.com/hometick2023/
용복맘 l 육아템 • 육아정보 🐰,bok_dragon_,,육아/키즈  일상,48905,https://www.instagram.com/bok_dragon_/
김데드,kimdead__,,다이어트/건강보조식품  F&B,67174,https://www.instagram.com/kimdead__/
이동아 | Lee dongjoo,miso_dayz,,여행/관광  육아/키즈,200009,https://www.instagram.com/miso_dayz/
담비ㅣ두 아이를 키우며 집을 가꿉니다.,dambi.home,,일상  패션,151804,https://www.instagram.com/dambi.home/
원더아나 윤소영아나운서🎤| beauty,wonder_soyoung,,뷰티  일상,54451,https://www.instagram.com/wonder_soyoung/
예서 yaeso,y.aeso,,일상  육아/키즈,66011,https://www.instagram.com/y.aeso/
해브로맘 / 이공주,haebromom,,패션  F&B,35812,https://www.instagram.com/haebromom/
김미 Lifestyle Director,kimmi_stagram,,일상  패션,38870,https://www.instagram.com/kimmi_stagram/
hemmom 햄맘,hemmom__627,,다이어트/건강보조식품  피트니스,103444,https://www.instagram.com/hemmom__627/
믿사핼 해리 👰🏻‍♀️💍🤵🏻,hael_kk,,일상  육아/키즈,70481,https://www.instagram.com/hael_kk/
쪼이맘 | 출산준비 • 육아꿀템 • 라무르공구,jjoymom.9oo,,육아/키즈  홈/리빙,43305,https://www.instagram.com/jjoymom.9oo/
엄마로라,roraleben,,육아/키즈  다이어트/건강보조식품,141439,https://www.instagram.com/roraleben/
다을_홈핏,daeul_easy_diet,,피트니스  뷰티,118171,https://www.instagram.com/daeul_easy_diet/
최별비 • 다이어트 브랜드 | 디어애프터,blissb__,,다이어트/건강보조식품  일상,61469,https://www.instagram.com/blissb__/
밍융맘 | 김선아,kimi._.3,,일상  F&B,126365,https://www.instagram.com/kimi._.3/
수지네 | 집밥 | 건강하고 쉬운 요리,soojine_jipbab,,F&B  일상,99474,https://www.instagram.com/soojine_jipbab/
하온맘 조이쌤✨️ 유아영어 유아하브루타 정서교육,haonmom_joy,,육아/키즈  일상,36380,https://www.instagram.com/haonmom_joy/
두둥맘 | 육아 트렌드를 공유하는 퍼스널 쇼퍼🧸  | 정유진,dudung_love,,육아/키즈  일상,99115,https://www.instagram.com/dudung_love/
김안시,kimancy_,,패션  F&B,34630,https://www.instagram.com/kimancy_/
skk스트레칭&발레 유튜버🔥| 스크크쌤 | 성균관무용학원장,skk_stretching_ballet,,피트니스  일상,72437,https://www.instagram.com/skk_stretching_ballet/
김건희ㅣ독거니,goat.gun_,,여행/관광  피트니스,40313,https://www.instagram.com/goat.gun_/
데일리 코어 운동루틴 🍑 | The Sculpt club,thesculptclub_core,,피트니스  일상,78146,https://www.instagram.com/thesculptclub_core/
제이드아이 | 홍예지 ▫️국내여행 ▫️ 해외여행 ▫️가족여행,jadei_travel,,여행/관광  유명장소/핫플,228220,https://www.instagram.com/jadei_travel/
요리하는 썬이맘👩🏻‍🍳,son2.mom,,F&B  홈/리빙,241773,https://www.instagram.com/son2.mom/
오메추 | 레시피는 간단하고 맛있게,oh_mechu,,F&B  일상,87993,https://www.instagram.com/oh_mechu/
서정 seojeong | 얼굴 축소 페이스요가 강사,seojeong_19,,뷰티  다이어트/건강보조식품,252251,https://www.instagram.com/seojeong_19/
육아유튜버 쌈수니 ☺︎ (𝐿𝑒𝑒𝑠𝑢𝑒𝑢𝑛),ssamsuni,,교육  문학/종교/역사,108677,https://www.instagram.com/ssamsuni/
권영선,cocounni79,,패션  일상,180922,https://www.instagram.com/cocounni79/
최리안 Lian Choi,lianchoi_ifbbpro,,피트니스  다이어트/건강보조식품,68240,https://www.instagram.com/lianchoi_ifbbpro/
송동찬 Song dong chan👠,dongcansong,,건강가전  일상,102661,https://www.instagram.com/dongcansong/
모아위 송 은혜 파니원장,pani_pouch,,뷰티  패션,38137,https://www.instagram.com/pani_pouch/
윤여진 박사 | 맘미언니 | 엄마들의 멘탈 트레이너,momme.unni,,F&B  교육,144231,https://www.instagram.com/momme.unni/
한시연,han_siyeon1122,,다이어트/건강보조식품  피트니스,58752,https://www.instagram.com/han_siyeon1122/
다 운,dauni___,,뷰티  일상,83932,https://www.instagram.com/dauni___/
"김유리, 제이로하",jroha0210,,다이어트/건강보조식품  피트니스,58265,https://www.instagram.com/jroha0210/
이효주 Vivian Lee,vivian.sep2nd,,피트니스  다이어트/건강보조식품,99312,https://www.instagram.com/vivian.sep2nd/
이제이쿡 박은정,ej_cook_,,F&B  일상,404135,https://www.instagram.com/ej_cook_/
더리테이블 ㅣ 이승희,thelee_table,,F&B  일상,163791,https://www.instagram.com/thelee_table/
"달꿀맘 |  엄마표수학, 공부습관 코치",sweethoney_mom,,교육  일상,72720,https://www.instagram.com/sweethoney_mom/
김지혜 미스찌언니_💋,misszzie_,,다이어트/건강보조식품  일상,129985,https://www.instagram.com/misszzie_/
러비뷰티 • 박은비,silver_.rain,,뷰티  F&B,61323,https://www.instagram.com/silver_.rain/
정혜영,justyoung__,,다이어트/건강보조식품  피트니스,62643,https://www.instagram.com/justyoung__/
띠오맘 l ʜʏᴜɴᴀʜ ʟᴇᴇ,theo_mom_,,육아/키즈  일상,68944,https://www.instagram.com/theo_mom_/
"유행인 국내여행꿀팁, 경상도여행지추천",yoohaengin,,일상  F&B,38448,https://www.instagram.com/yoohaengin/
나리테이블  |  박나리,nari_table_,,F&B  일상,103914,https://www.instagram.com/nari_table_/
홍뚜부부 I 캠핑•여행•일상 기록,hongttu_bubu,,여행/관광  일상,52002,https://www.instagram.com/hongttu_bubu/
지 혜,lovehye_j,,일상  뷰티,42891,https://www.instagram.com/lovehye_j/
"배정임, 방빼부부🐾",bangbbae_bubu,,여행/관광  일상,47986,https://www.instagram.com/bangbbae_bubu/
베키 | 탄단지완벽 & 맛보장 다이어트레시피,keepgoing_becky,,F&B  다이어트/건강보조식품,127843,https://www.instagram.com/keepgoing_becky/
베르베르 BERBER,berberlog,,F&B  일상,272808,https://www.instagram.com/berberlog/
효둥맘 유아식 레시피__ 박채은ᜊ,hyo_doongdoong,,F&B  일상,69226,https://www.instagram.com/hyo_doongdoong/
엄마는 여유롭고 아이는 즐겁게 | HaeJin,emily_lee_mom,,문학/종교/역사  교육,67231,https://www.instagram.com/emily_lee_mom/
클레어채 | 건강하고 예뻐지는 지름길 안내자,clairebear_cc,,다이어트/건강보조식품  피트니스,63073,https://www.instagram.com/clairebear_cc/
🇰🇷대표_오형제다둥이맘🐰박여원◡̈리블리맘❤️,yeowon0112_,,육아/키즈  일상,62874,https://www.instagram.com/yeowon0112_/
고혜린(Like&Like 카시트 커버 주인장) | 최고 효율 육아 지향,hhappy_ayola,,육아/키즈  일상,50789,https://www.instagram.com/hhappy_ayola/
ᴾᴱᴬᴺᵁᵀ ෆ ᴰᴬᴹᴵ,peanut_dami,,강아지  일상,62678,https://www.instagram.com/peanut_dami/
후다닥맘 |임예영| 대구아이와가볼만한곳,whodadakmon,,일상  육아/키즈,55902,https://www.instagram.com/whodadakmon/
유부림ㅣburim Choi,married_rim,,홈/리빙  일상,214974,https://www.instagram.com/married_rim/
아베끄유의 즐거운집생활🏡,_avecu,,홈/리빙  F&B,47990,https://www.instagram.com/_avecu/
이층집살림ㅣ신유미,2floor.home,,홈/리빙  일상,54725,https://www.instagram.com/2floor.home/
빵이네,yobbange_,,F&B  홈/리빙,52289,https://www.instagram.com/yobbange_/
밥잘먹는아현_ 유아식레시피 Hyerin Choi,bbah___2,,F&B  일상,33641,https://www.instagram.com/bbah___2/
마마스키친 김해진,mamas_kitchen2014,,F&B  일상,122976,https://www.instagram.com/mamas_kitchen2014/
오린맘,oreen.mom,,육아/키즈  패션,92196,https://www.instagram.com/oreen.mom/
이 진주,jj.pearl,,다이어트/건강보조식품  피트니스,35574,https://www.instagram.com/jj.pearl/
로아맘 ✿ 책육아 ‧ 육아정보공유 I 유다현,bebe_loah,,문구/완구  육아/키즈,50297,https://www.instagram.com/bebe_loah/
🥣 뚜미니네 l 육아템 소개하는 사람 l 정소담,xiooxoi,,육아/키즈  일상,50788,https://www.instagram.com/xiooxoi/
아기밥 연구하는 ❛또담이네❜ 유아식단 🧸,ddodam_yum,,육아/키즈  F&B,36080,https://www.instagram.com/ddodam_yum/
절세미인 정세민,vuripull_sm01,,뷰티  일상,63587,https://www.instagram.com/vuripull_sm01/
쏘히린 (김소희),ssohirin_,,패션  일상,105088,https://www.instagram.com/ssohirin_/
셩이홈 | 양수영,syeongi_home,,홈/리빙  F&B,73422,https://www.instagram.com/syeongi_home/
[말랑맘]매주 특별한 여행특가 소개❣️special Travel :) Kimyoungmi,special_ym_,,여행/관광  유명장소/핫플,127378,https://www.instagram.com/special_ym_/
데이맘테이블ㅣ김나영ㅣ엄마표요리ㅣ집밥ㅣ식비절약,day_momtable,,일상  F&B,116745,https://www.instagram.com/day_momtable/
보라미 홈 •집밥 고민 해결사🍚,borami_home,,일상  홈/리빙,128309,https://www.instagram.com/borami_home/
물리치료사 오픽스 | OH MIN KYU,pt_omk,,피트니스  건강가전,247100,https://www.instagram.com/pt_omk/
수현 (sᴜʜʏᴜɴ),byvely,,뷰티  여행/관광,40640,https://www.instagram.com/byvely/
칼리ㆍ칼리스쿨 ㆍ이예진,carleylee1017,,육아/키즈  교육,44463,https://www.instagram.com/carleylee1017/
"여수댁 , 여수맛집 인플루언서 , 41년 토박이",_yeosudek_,,F&B  여행/관광,49040,https://www.instagram.com/_yeosudek_/
오늘어디가🥇 [ 카페투어 맛집투어 여행정보 체험단 ],oneul_eodiga,,F&B  여행/관광,86195,https://www.instagram.com/oneul_eodiga/
책육아 리리맘📚🌿 Hyeran Park,__ririmom,,문학/종교/역사  다이어트/건강보조식품,113228,https://www.instagram.com/__ririmom/
슈가비 🩷 김미정 | 40대 아들둘맘 • 뷰티 • 헬스 • 공구,sugarbee_mj,,패션  일상,86057,https://www.instagram.com/sugarbee_mj/
한 제이 Han Jei,happyhan_1009,,일상  패션,66354,https://www.instagram.com/happyhan_1009/
송아름 AREUM SONG IFBB PRO,ssong_rme,,피트니스  패션,307729,https://www.instagram.com/ssong_rme/
미냉이네 셀프인테리어 | 정민영,mineng.e,,홈/리빙  일상,126945,https://www.instagram.com/mineng.e/
다영 ◡̈,dayeongeya,,F&B  패션,63978,https://www.instagram.com/dayeongeya/
단정,danjung____,,일상  홈/리빙,36374,https://www.instagram.com/danjung____/
늘다님놀이🌷이지은              엄마표 미술/요리놀이,neuldanim_play,,일상  문구/완구,135195,https://www.instagram.com/neuldanim_play/
펫약사 || 동물약국▪️동물약강사▪️상담 15만+,pet_yaksa,,강아지  다이어트/건강보조식품,37354,https://www.instagram.com/pet_yaksa/
Bangminjee,dearyoni_0829,,육아/키즈  일상,31066,https://www.instagram.com/dearyoni_0829/
별주니맘🌟 유아 수학ㅣ책육아,byul.junimom,,문학/종교/역사  교육,33205,https://www.instagram.com/byul.junimom/
사이영의 공간,4e0_studio,,일상  육아/키즈,42558,https://www.instagram.com/4e0_studio/
후후맘(차은지) 간호사 l 아기건강 l 육아정보,jjss__ii,,문학/종교/역사  일상,54145,https://www.instagram.com/jjss__ii/
유누맘 | 유누네 집밥🥬,yunu.world,,F&B  일상,159451,https://www.instagram.com/yunu.world/
썬데이랑 최은주,sunday_rang,,F&B  홈/리빙,169119,https://www.instagram.com/sunday_rang/
밈초이 | 습관루틴 메이커,mim.choi._,,다이어트/건강보조식품  일상,450088,https://www.instagram.com/mim.choi._/
반짝마미✨아이와 여행｜교육 정보｜꿀템 맛집,banjjak_mommy,,육아/키즈  교육,67482,https://www.instagram.com/banjjak_mommy/
김현아  |  투윤이네,amor___ha,,뷰티  일상,65528,https://www.instagram.com/amor___ha/
나린맘 👩🏻 LEEJIYEONG,narin__mommy,,일상  육아/키즈,83757,https://www.instagram.com/narin__mommy/
책육아 현이맘 | Mihyebaek,_hyunee_mom,,육아/키즈  교육,85522,https://www.instagram.com/_hyunee_mom/
우니동동ㅣYunhee Choi,unidongdong,,육아/키즈  여행/관광,176140,https://www.instagram.com/unidongdong/
Min ju / 가연맘,let_mindyu,,F&B  육아/키즈,84724,https://www.instagram.com/let_mindyu/
정답게 살림하는 니트영,with.neat_young,,홈/리빙  일상,37491,https://www.instagram.com/with.neat_young/
조이맘 🐰 건강한 육아 함께해요💕,dear.___.joy,,육아/키즈  홈/리빙,75999,https://www.instagram.com/dear.___.joy/
육아 메이트 소이쌤 | 성소라,soy_ssam_,,육아/키즈  일상,53782,https://www.instagram.com/soy_ssam_/
서후맘❤️ 홈스쿨링 자료나눔 | 키즈스터디,s.h_mom.range,,교육  육아/키즈,36074,https://www.instagram.com/s.h_mom.range/
국민담임 서진쌤 | 육아정보•교육꿀팁 | 𝓙𝓸𝓾𝓷𝓰 𝓢𝓮𝓸 𝓙𝓲𝓷,seojin_ssem,,육아/키즈  일상,213062,https://www.instagram.com/seojin_ssem/
시네마켓,sinemarket,,일상  패션,66527,https://www.instagram.com/sinemarket/
윤우가자라는집🏡 | EunYoung Jeon,eunyoung__jj,,일상  홈/리빙,84549,https://www.instagram.com/eunyoung__jj/
채채맘 | 책육아 • 건강한 육아 함께해요💛 𝒴𝓊𝓃𝒾𝑒𝑒 ℒ𝑒𝑒,my__chaechae,,육아/키즈  교육,62066,https://www.instagram.com/my__chaechae/
바까나 | 박가나,baggana_,,홈/리빙  일상,94788,https://www.instagram.com/baggana_/
김수현 백토마켓,100xrabbit,,일상  육아/키즈,71838,https://www.instagram.com/100xrabbit/
솔트마망 | 살림 | 최지영,saltmaman,,홈/리빙  일상,51635,https://www.instagram.com/saltmaman/
🐥 삐약 약사 | 약사 임나현,byak_yaksa,,다이어트/건강보조식품  일상,85885,https://www.instagram.com/byak_yaksa/
박진우 | 지누쿡,jinucook,,F&B  홈/리빙,165992,https://www.instagram.com/jinucook/
최설화❄️🌸눈꽃,seolhwa939,,뷰티  일상,306011,https://www.instagram.com/seolhwa939/
"어도러블홈 | 예쁘고 편한 살림, 베이지 인테리어",_adorable__home_,,홈/리빙  일상,83748,https://www.instagram.com/_adorable__home_/
올라비박혜령🖤하루비움 바인허브 공식셀러,zizibe1011,,다이어트/건강보조식품  일상,32064,https://www.instagram.com/zizibe1011/
김혜란 ㅣ류둥이네 책육아,sortie2017,,교육  육아/키즈,35095,https://www.instagram.com/sortie2017/
스트롱재 부산  |  부산맛집 부산핫플 부산근교,strongjae.busan,,F&B  여행/관광,31681,https://www.instagram.com/strongjae.busan/
김지혜 | 지성과 미모 | 건강한 엄마,ji_hye_king,,육아/키즈  F&B,39742,https://www.instagram.com/ji_hye_king/
세나/잘먹고 운동하라.쉴 틈이 없다!,__fitnana,,다이어트/건강보조식품  피트니스,60786,https://www.instagram.com/__fitnana/
퐁당놀이터(장민정)｜영유아 놀이전문가,pongdang.playground,,육아/키즈  교육,50151,https://www.instagram.com/pongdang.playground/
"리본홈 | Re, born home | 집밥, 살림",reborn_home_,,F&B  홈/리빙,48352,https://www.instagram.com/reborn_home_/
여울맘(최사랑) / J엄마의 우당탕탕 현실육아,s2_saaaarang,,육아/키즈  F&B,39162,https://www.instagram.com/s2_saaaarang/
연지 yeonji | 유지연,yeonji_uu,,F&B  일상,39832,https://www.instagram.com/yeonji_uu/
쿠킹맘 김윤성 | 매일 집밥하는 세아이맘💫,cooking_mom_kitchen,,F&B  홈/리빙,37819,https://www.instagram.com/cooking_mom_kitchen/
그럼에도 홀리키 전민기 입니다,holi.ky,,F&B  홈/리빙,51647,https://www.instagram.com/holi.ky/
다다 I Kim dahye,dada_salrim,,일상  홈/리빙,320239,https://www.instagram.com/dada_salrim/
태규맘|태규의 유아식_heejeong_park,gyu._.babyfood,,F&B  육아/키즈,40851,https://www.instagram.com/gyu._.babyfood/
이윤영,bbdl_yy,,일상  뷰티,64167,https://www.instagram.com/bbdl_yy/
어썸테이블 • 최은설,awesometable7,,F&B  일상,360769,https://www.instagram.com/awesometable7/
m.kim (Daye),barbieunni,,패션  일상,76534,https://www.instagram.com/barbieunni/
문아름💛 예비 엄마 | 아들맘 | 임산부,_rumiii,,다이어트/건강보조식품  육아/키즈,40035,https://www.instagram.com/_rumiii/
메르시 레이 🧡김화정,mercirei,,뷰티  일상,59597,https://www.instagram.com/mercirei/
☻ 음율마켓 * 아동복,eum_yul,,육아/키즈  패션,41997,https://www.instagram.com/eum_yul/
이경진 / 지니포차📍,jini___202,,F&B  홈/리빙,205816,https://www.instagram.com/jini___202/
임유리 보얀떼 | 아이돌출신 육아맘,voyantte__,,뷰티  일상,104232,https://www.instagram.com/voyantte__/
생활작가  |  오선미 OH SUN MI,lifestyle_writer_,,F&B  홈/리빙,268157,https://www.instagram.com/lifestyle_writer_/
최유정,choibinuu,,고양이  일상,111557,https://www.instagram.com/choibinuu/
Hide Vy Glenda CEO,glenda_mama,,뷰티  일상,42202,https://www.instagram.com/glenda_mama/
박혜민,yaenaebubu,,F&B  일상,83300,https://www.instagram.com/yaenaebubu/
이소정 I 스킨피팅 [SKINFITTING],skinfitting,,뷰티  일상,52876,https://www.instagram.com/skinfitting/
키즈스피치 마루지 대표 이지은,marooji_ceo,,교육  일상,45706,https://www.instagram.com/marooji_ceo/
조아라 | 집정리 | 셀프집정리 정리동기부여,timerich_mom,,홈/리빙  일상,47839,https://www.instagram.com/timerich_mom/
우주맘마 여행 박수진ㅣ국내 • 해외 • 나들이,j_ujjjj,,여행/관광  유명장소/핫플,111957,https://www.instagram.com/j_ujjjj/
지예✨노화 stop‼️예뻐지는 가장쉬운 습관,gjjye.__.s,,뷰티  일상,30319,https://www.instagram.com/gjjye.__.s/
산들맘🌸덜 힘들고 더 행복한 육아ㅣ강산들✨️,ksd_mom,,육아/키즈  일상,36164,https://www.instagram.com/ksd_mom/
이진행님 / 권이진 / 긍정의 신,2jin_hengnim,,뷰티  일상,40115,https://www.instagram.com/2jin_hengnim/
지원이랑놀자 (신원정) : 가족여행 • Travel Creator,jiwons_play,,여행/관광  유명장소/핫플,116210,https://www.instagram.com/jiwons_play/
"보드레 | 정리, 수납, 살림, 리빙에 대한 모든 것",bodere81,,F&B  홈/리빙,131326,https://www.instagram.com/bodere81/
아이둘맘언니/ 김민서,idoolmom,,다이어트/건강보조식품  일상,121911,https://www.instagram.com/idoolmom/
사탕이네 육아툰ෆ 이유빈,candy.ne_,,육아/키즈  일상,97523,https://www.instagram.com/candy.ne_/
"은찐맘 (애리)🌷같이가요, 여행",bb_eunjjin,,여행/관광  유명장소/핫플,140063,https://www.instagram.com/bb_eunjjin/
민스샵 ㅣ 미인채 대표  천정민,minsshop_jm,,일상  뷰티,282521,https://www.instagram.com/minsshop_jm/
방송인 황혜영,hyeyoung_hwang,,홈/리빙  일상,95611,https://www.instagram.com/hyeyoung_hwang/
이 민주,joo_werly,,육아/키즈  교육,60868,https://www.instagram.com/joo_werly/
영경 (라무르공구),my.lyn__,,육아/키즈  일상,67679,https://www.instagram.com/my.lyn__/
미니멀써니 life /1인 대표/오거나이즈타임 저자/살림맛집,jeongseon.b,,홈/리빙  일상,70406,https://www.instagram.com/jeongseon.b/
키키맘 | kim sujin,_kiki_mom,,육아/키즈  일상,56616,https://www.instagram.com/_kiki_mom/
레이첼민선 🌈 minseon hwang,rachel_minseon,,일상  패션,168143,https://www.instagram.com/rachel_minseon/
써머맘☀️Sohee jeong,summerkids_mom,,교육  육아/키즈,53377,https://www.instagram.com/summerkids_mom/
모찌맘 👑|육아 정보&꿀템 | 책 육아|👑,mo.jji.mom,,육아/키즈  일상,65840,https://www.instagram.com/mo.jji.mom/
봄집사👨🏻‍💼 깔끔한 살림 | 생활꿀팁 🌈,bomzipsa,,홈/리빙  미술/디자인,265400,https://www.instagram.com/bomzipsa/
잇츠홈,its_homes,,홈/리빙  일상,143302,https://www.instagram.com/its_homes/
소소예 | 송은경,sosoye_salim,,홈/리빙  일상,55073,https://www.instagram.com/sosoye_salim/
비앳홈,beathome___,,홈/리빙  일상,70368,https://www.instagram.com/beathome___/
이유진,lovely_zziny,,다이어트/건강보조식품  일상,36037,https://www.instagram.com/lovely_zziny/
애프리🍎➰지은,applemom.s,,육아/키즈  일상,47965,https://www.instagram.com/applemom.s/
최신 | 먹부심 (부산맛집•핫플 전문가),muk_bu_sim,,F&B  여행/관광,40083,https://www.instagram.com/muk_bu_sim/
호리호리 박준형,horihory_,,F&B  홈/리빙,91928,https://www.instagram.com/horihory_/
아미미맘〡책육아 • 엄마표교육 • 워킹맘,amimimom,,교육  문학/종교/역사,129940,https://www.instagram.com/amimimom/
광배요정 이규리🧚,ggyul_luck,,일상  여행/관광,102374,https://www.instagram.com/ggyul_luck/
쿡블리 • 전직 프로배구단 담당 영양사,cookbly,,F&B  일상,94893,https://www.instagram.com/cookbly/
캠퍼준영과 여행하는 은미,camper_junyoung_eunmi,,여행/관광  일상,262564,https://www.instagram.com/camper_junyoung_eunmi/
수리테이블_먹으면서 빼는다이어트,soori_table,,다이어트/건강보조식품  F&B,94017,https://www.instagram.com/soori_table/
제니마망｜키즈 · 라이프 스타일,jenny__maman,,피트니스  육아/키즈,68685,https://www.instagram.com/jenny__maman/
레이싱모델 민유아 🇰🇷,111000lyu,,패션  일상,66822,https://www.instagram.com/111000lyu/
B.ELMAR 비엘마,belmar_kong,,패션  여행/관광,32704,https://www.instagram.com/belmar_kong/
밋정 | 다이어트 정복한 언니,remeet_jeong,,다이어트/건강보조식품  피트니스,75851,https://www.instagram.com/remeet_jeong/
mikyeong_kang,mikyeong_kang,,패션  일상,140296,https://www.instagram.com/mikyeong_kang/
도리맘✨,dorimom_life,,육아/키즈  다이어트/건강보조식품,51252,https://www.instagram.com/dorimom_life/
이민웅,leeminwoung,,패션  피트니스,39237,https://www.instagram.com/leeminwoung/
네이버 인플루언서 샤맘ㅣ책육아ㅣ리빙ㅣ육아,c2___1,,육아/키즈  일상,48994,https://www.instagram.com/c2___1/
곰지마켓 정민영💡디자이너 엄마의 미술,mindol__,,문구/완구  육아/키즈,170126,https://www.instagram.com/mindol__/
"여행, 수정 / 김수정",bkimsu,,여행/관광  일상,148358,https://www.instagram.com/bkimsu/
은지네 집밥 ❤,eunji_kkkkkkkk,,F&B  일상,118850,https://www.instagram.com/eunji_kkkkkkkk/
달빛언니 Seunghee Moon,moonlight.living,,뷰티  일상,238756,https://www.instagram.com/moonlight.living/
은서홀릭 이은서,model_eunseolee,,일상  패션,85592,https://www.instagram.com/model_eunseolee/
"지율핑 | 무염, 저염 이유식&유아식 레시피",jiyulpping,,F&B  일상,35831,https://www.instagram.com/jiyulpping/
샤니맘(박윤서) | 수면교육 • 육아꿀팁,shanii.mom,,일상  육아/키즈,35768,https://www.instagram.com/shanii.mom/
JAE EUN KYUNG,viadejen_jen,,뷰티  일상,48760,https://www.instagram.com/viadejen_jen/
하유약사 | 이지영,hayu_pharmacist,,다이어트/건강보조식품  여행/관광,40722,https://www.instagram.com/hayu_pharmacist/
알콩이네 편집샵 | 윤아영,k.alkong,,육아/키즈  홈/리빙,40976,https://www.instagram.com/k.alkong/
오안쌤 | 수학 문제집큐레이터 (SongI Han),o_anmath,,교육  일상,93798,https://www.instagram.com/o_anmath/
Hyojoo lee,double_joo,,육아/키즈  뷰티,55570,https://www.instagram.com/double_joo/
짜장 | 숏다리 믹스견 • 임시보호 이야기,jin_zzazang,,강아지  일상,59098,https://www.instagram.com/jin_zzazang/
롬마미 김가희 | 몬테소리 육아 정보,rom_mommy,,육아/키즈  문구/완구,76719,https://www.instagram.com/rom_mommy/
환이맘,hwani.mom_,,일상  홈/리빙,58625,https://www.instagram.com/hwani.mom_/
우아띵🌿내적외적 성장을 도와요,wooahthink_,,다이어트/건강보조식품  일상,95026,https://www.instagram.com/wooahthink_/
베리밥상 | 유아식·육아 전문가 베리맘 임수정,verybabsang,,육아/키즈  일상,54306,https://www.instagram.com/verybabsang/
야구선수 아내로.엄마로 25년차 베테랑 맘,imms_unni,,일상  여행/관광,51174,https://www.instagram.com/imms_unni/
hyeseon seok,403april,,육아/키즈  교육,110898,https://www.instagram.com/403april/
밥테이블,bab_table1,,F&B  일상,219313,https://www.instagram.com/bab_table1/
먹조아맘ㅣ양수연ㅣ조아💗,mukjoa.mom,,일상  F&B,72150,https://www.instagram.com/mukjoa.mom/
두돌셰프🧑‍🍳,hamduck2021,,육아/키즈  일상,95537,https://www.instagram.com/hamduck2021/
프롬투데이 | 집밥 • 쉬운요리 • 살림템,fromtoday.log,,F&B  일상,68558,https://www.instagram.com/fromtoday.log/
🏡하늘이네,sky__home__,,패션  홈/리빙,64822,https://www.instagram.com/sky__home__/
봄주부 l 요리 • 살림 • 육아맘,bomjubu_sarlim,,육아/키즈  F&B,92870,https://www.instagram.com/bomjubu_sarlim/
소아작업치료사 쭈떠맘(정보은) ⅼ 발달별 꿀팁•육아템 공구,jju_mom_0531,,육아/키즈  홈/리빙,43019,https://www.instagram.com/jju_mom_0531/
이미나,spatheel,,뷰티  건강가전,52231,https://www.instagram.com/spatheel/
비니맘마🥣 아기간식유아식 초간단레시피📔 ∘ 𝙟𝙞 𝙬𝙤𝙣 𝙘𝙝𝙤𝙞💁🏻‍♀️ᩚ,binymamma,,육아/키즈  홈/리빙,60570,https://www.instagram.com/binymamma/
Hyunju park,jubucong_bab,,뷰티  일상,115574,https://www.instagram.com/jubucong_bab/
쑤우핏 | 40대 순환 •대사•체형 회복 루틴,ssoo_fit_,,피트니스  다이어트/건강보조식품,56536,https://www.instagram.com/ssoo_fit_/
르미뇽살림 | 이현서,remignon_salrim,,홈/리빙  일상,62366,https://www.instagram.com/remignon_salrim/
77언니.빅사이즈.다이어트.코디추천 ㅣ  jooheepark,77_unni,,패션  일상,64766,https://www.instagram.com/77_unni/
은주언니 | 피부•다이어트,eunzu_unni,,다이어트/건강보조식품  피트니스,38493,https://www.instagram.com/eunzu_unni/
오꾸맘 | 육아정보•육아꿀템•책육아,okku_mom,,육아/키즈  홈/리빙,42405,https://www.instagram.com/okku_mom/
아윤맘(신혜리) 육아ㆍ생활템,ayooni.story,,문구/완구  육아/키즈,31162,https://www.instagram.com/ayooni.story/
먹대디 [청주맛집|청주카페|청주핫플|세종맛집|충청도맛집],muk_daddy,,F&B  유명장소/핫플,67501,https://www.instagram.com/muk_daddy/
"그린  𝄅  대전카페 여행, 데이트 여기 어때?",record_green_,,유명장소/핫플  여행/관광,34754,https://www.instagram.com/record_green_/
먹자옹 [대구맛집/경상도맛집/술집]💕,mukjaong,,F&B  일상,62439,https://www.instagram.com/mukjaong/
김조셉,paperboy.joseph,,영화/방송  패션,32703,https://www.instagram.com/paperboy.joseph/
건강한 명품 문화를 만듭니다 l 빈스무드🧚,vins_mood,,패션  일상,82679,https://www.instagram.com/vins_mood/
54nn我是恩恩 ❘ Xuan Yi,paradise9319_,,패션  뷰티,67097,https://www.instagram.com/paradise9319_/
제철음식연구소,__season365__,,F&B  일상,168458,https://www.instagram.com/__season365__/
핫플 팝업 맛집 카페 공간 여행❤️‍🔥쥬트립 최인주,jutrip.hot,,유명장소/핫플  일상,98250,https://www.instagram.com/jutrip.hot/
다비몽 (배나윤),luv_namong,,패션  일상,99551,https://www.instagram.com/luv_namong/
앤더슨씨 갤러리 & 가구거래소,andersonc_design,,미술/디자인  홈/리빙,114243,https://www.instagram.com/andersonc_design/
부산핫플 / 부산맛집 부산카페 부산여행,busantravel,,F&B  여행/관광,307983,https://www.instagram.com/busantravel/
빅사이즈 여성의류 : 바이럭키,_bylucky,,패션  일상,42442,https://www.instagram.com/_bylucky/
LIWULIWU  리우리우 최윤정,yj_liwuliwu,,패션  일상,54342,https://www.instagram.com/yj_liwuliwu/
"라하네 | 여행,체험,숙소",rimi_m_m,,여행/관광  육아/키즈,56955,https://www.instagram.com/rimi_m_m/
최희 Hee Choi,choiheeann,,일상  뷰티,171411,https://www.instagram.com/choiheeann/
르꼬르망,le_cormang,,일상  패션,295252,https://www.instagram.com/le_cormang/
영유아교육전문가 장서연,todak.todak.mom,,육아/키즈  교육,101508,https://www.instagram.com/todak.todak.mom/
진재영 Actress 🌹,jinjaeyoung_con.t,,일상  F&B,184850,https://www.instagram.com/jinjaeyoung_con.t/
이이슬 dewit,from.dew_,,피트니스  육아/키즈,300518,https://www.instagram.com/from.dew_/
Hae Jung Kang,theorohaejung,,일상  F&B,103457,https://www.instagram.com/theorohaejung/
김예은 | 더루즈플라워,therouge_flower,,미술/디자인  일상,113393,https://www.instagram.com/therouge_flower/
강영주 Y.J. Kang,yjkang34,,패션  일상,94608,https://www.instagram.com/yjkang34/
엄마의지도(육아의 사이사이 나들이가 주는 행복),moms.map,,유명장소/핫플  여행/관광,260346,https://www.instagram.com/moms.map/
coming spring,coming_spring,,문학/종교/역사  일상,110238,https://www.instagram.com/coming_spring/
김솔빈 샤이닝머몬트 ・ 네일샵인스타컨설팅  ・  어나더릴스클래스   ・ 자체제작네일재료,a.shining_moment,,뷰티  패션,112009,https://www.instagram.com/a.shining_moment/
파이토신 멀티밤 웬디🩵홈케어 전문가|• 파메스테틱 입점 • 슈퍼젝션 교육 • (주)웬디컴퍼니 대표 강소연,wendy_w_skin,,뷰티  일상,57695,https://www.instagram.com/wendy_w_skin/
더블리로 신혜진,doublee_lee,,F&B  홈/리빙,68370,https://www.instagram.com/doublee_lee/
Choi kyeeun 유러블 명품구매대행,_liveable_europe,,패션  뷰티,96825,https://www.instagram.com/_liveable_europe/
김현지 현주디 | 드시모네 드시모네키즈스텝 이메텍 코지마,h_yun_ji_,,일상  건강가전,91615,https://www.instagram.com/h_yun_ji_/
빵지쌤 | 어린이집 교사ㆍ영유아 육아,bbangzzi.sam,,육아/키즈  다이어트/건강보조식품,42732,https://www.instagram.com/bbangzzi.sam/
슈퍼젝션 1st | 홈케어전문가 | 세멘잘 • 루티너 • 파이토신 | 파메스티틱 슈퍼젝션교육 뮤리엘대표 오한솔,muri_l__,,뷰티  일상,51907,https://www.instagram.com/muri_l__/
화장품요리사 / 코스메쉐프 CEO  - 이수향,cosmechef.suhyang,,뷰티  일상,128722,https://www.instagram.com/cosmechef.suhyang/
라비앙 핑크시크릿 박현선,pinksecret85,,일상  뷰티,185094,https://www.instagram.com/pinksecret85/
BK Kim,bk_kimm,,일상  결혼/연애,168743,https://www.instagram.com/bk_kimm/
광주에서 뭐 하지? 광주맛집 광주카페 광주여행 광주가볼만한곳,all.about.gwangju,,F&B  여행/관광,210139,https://www.instagram.com/all.about.gwangju/
로메이징 | 유진아,romazing_,,육아/키즈  교육,50493,https://www.instagram.com/romazing_/
박서현,to.hajun,,홈/리빙  육아/키즈,67018,https://www.instagram.com/to.hajun/
애정  | 아들셋과 함께하는 다둥이네🩵,2bbuny78,,일상  육아/키즈,54928,https://www.instagram.com/2bbuny78/
대구는지금 공식인스타 / 대구맛집 대구카페 대구핫플,daegulive,,시사/이슈/정보  일상,231664,https://www.instagram.com/daegulive/
Soyoung Kim 김소영,thing_1022,,홈/리빙  일상,259254,https://www.instagram.com/thing_1022/
정소담,dr.jungsodam,,뷰티  F&B,117493,https://www.instagram.com/dr.jungsodam/
어썸제이 정문경,jxxmunkyung,,다이어트/건강보조식품  건강가전,67327,https://www.instagram.com/jxxmunkyung/
햇살의화양연화,sunshine.hometerior,,일상  홈/리빙,30414,https://www.instagram.com/sunshine.hometerior/
장 희영,yoooooung___,,육아/키즈  홈/리빙,80619,https://www.instagram.com/yoooooung___/
mollyjjang 몰리짱 이현진,mollyjjang,,F&B  홈/리빙,181099,https://www.instagram.com/mollyjjang/
나 래 • 𝐍𝐀𝐇 𝐑𝐀𝐄,i.ccc.u,,홈/리빙  일상,85611,https://www.instagram.com/i.ccc.u/
🌙 달라이트 김슬기,seuulgi_,,일상  건강가전,95324,https://www.instagram.com/seuulgi_/
방말금,sung2hyun2,,육아/키즈  홈/리빙,61251,https://www.instagram.com/sung2hyun2/
다이어트 비법 천재ㅣ이채은,mimoade_,,다이어트/건강보조식품  피트니스,54280,https://www.instagram.com/mimoade_/
네이버 플레이스 마케팅 I 마코장 장원준,online_marketer_wj,,교육  일상,48177,https://www.instagram.com/online_marketer_wj/
전주어디갈래? 전주맛집 디저트 전주카페 전주핫플 전주여행 전주근교 감성숙소 전주데이트 국내여행지,jeonju.wwtg,,F&B  여행/관광,94006,https://www.instagram.com/jeonju.wwtg/
EVERYDAY MERRYMENT_,merryment_,,다이어트/건강보조식품  일상,62759,https://www.instagram.com/merryment_/
또소맘,ddosomom,,패션  일상,34102,https://www.instagram.com/ddosomom/
조우희 | -44kg 6년째 유지어터,wooxhui,,다이어트/건강보조식품  뷰티,54738,https://www.instagram.com/wooxhui/
찌두(찌그러진호두..),zzzdoo,,일상  뷰티,31766,https://www.instagram.com/zzzdoo/
종이밀  ̳◕ ᴗ ◕ ̳ꕤ,jong2_meal,,F&B  일상,30057,https://www.instagram.com/jong2_meal/
소현,f____resh_,,다이어트/건강보조식품  피트니스,196881,https://www.instagram.com/f____resh_/
유니버설 픽쳐스,universalpictureskr,,영화/방송  공연/전시,81681,https://www.instagram.com/universalpictureskr/
다솜이네 👨‍👩‍👧 캠핑 ° 여행 ° 핫플 ° 숙소 // 김 달호!!,dal_ho,,여행/관광  일상,50426,https://www.instagram.com/dal_ho/
20년경력! 홈케어 에스테틱전문화장품매장!(윤선하)도매문의환영!,28shyun,,뷰티  일상,36701,https://www.instagram.com/28shyun/
리원,soriwonn,,패션  일상,74700,https://www.instagram.com/soriwonn/
바이지애,by.jiae,,뷰티  일상,53506,https://www.instagram.com/by.jiae/
김혜현 🤭웃기고말테야,hyebong1123,,뷰티  일상,36308,https://www.instagram.com/hyebong1123/
503lemarket(그로서리),503recipe,,F&B  강아지,54556,https://www.instagram.com/503recipe/
HOUSE-J 하우스제이,housej.jihye,,패션  일상,163696,https://www.instagram.com/housej.jihye/
모닝파파 | 박동재,pdj.1989,,스포츠  일상,55274,https://www.instagram.com/pdj.1989/
𝗔𝗰𝘁𝗶𝘃𝗲&𝗟𝗶𝗳𝗲𝘄𝗲𝗮𝗿 | 𝐒𝐥𝐨𝐮𝐩𝐥𝐚𝐲,slouplay,,피트니스  패션,55914,https://www.instagram.com/slouplay/
더아리엘 • 한 주연,the.ariel,,패션  일상,80081,https://www.instagram.com/the.ariel/
"SoRa Kim , 바이메르",by__mer__,,뷰티  일상,50218,https://www.instagram.com/by__mer__/
골치기 골사장푸드 랑돼지 골치킨 대표 내가브랜드다,golchigi,,F&B  일상,48003,https://www.instagram.com/golchigi/
𝗟𝗜𝗣𝗦𝗢𝗡𝗚 립송,lip_song,,뷰티  일상,81588,https://www.instagram.com/lip_song/
김뽀마미 김뽀홈트,kimbbomami,,피트니스  일상,176668,https://www.instagram.com/kimbbomami/
아멜리아 Hyunjin Amelia Kim • 뷰티 라이프스타일,hjkim_amelia,,뷰티  일상,74495,https://www.instagram.com/hjkim_amelia/
금조,keum.jo,,일상  패션,82958,https://www.instagram.com/keum.jo/
모스스토리 | 유수경 l 건강한 집밥 | 부부 요리,mos_story,,다이어트/건강보조식품  F&B,209041,https://www.instagram.com/mos_story/
강수연,kxxgsu,,뷰티  일상,116439,https://www.instagram.com/kxxgsu/
강희재,heejaeholic,,뷰티  일상,256324,https://www.instagram.com/heejaeholic/
Kim Ji Eun | 우남매 홈,jieun.kim__,,F&B  홈/리빙,105127,https://www.instagram.com/jieun.kim__/
"달달콩, 패션 동안홈케어 다이어트 건강✨️",daldal_cong,,뷰티  여행/관광,132802,https://www.instagram.com/daldal_cong/
밍디씨  ྀི,_mingdc,,일상  F&B,66779,https://www.instagram.com/_mingdc/
미코프로젝트 l 미코의 하루 🎰,miko.seoul,,육아/키즈  일상,84580,https://www.instagram.com/miko.seoul/
남현지(thechichi),the.chichi,,패션  일상,76140,https://www.instagram.com/the.chichi/
"뿌쥬아, 뿌언니🍑",ppusister,,패션  일상,84351,https://www.instagram.com/ppusister/
뜨니아뜨 /은지언니,ddeni_unni,,일상  패션,43098,https://www.instagram.com/ddeni_unni/
BilngTae 블링태,bling____tae,,일상  F&B,72152,https://www.instagram.com/bling____tae/
엘리영옥,ellie_youngok,,뷰티  다이어트/건강보조식품,55971,https://www.instagram.com/ellie_youngok/
유난희,yoonanhee_,,일상  패션,91416,https://www.instagram.com/yoonanhee_/
이 지홍,hongmerry_,,뷰티  패션,49752,https://www.instagram.com/hongmerry_/
꽁지 _ 건강 뷰티,kkong_ji,,일상  패션,33063,https://www.instagram.com/kkong_ji/
이수빈 윤자매마켓 대표이자 애셋맘,bin._.94v,,일상  홈/리빙,38814,https://www.instagram.com/bin._.94v/
레아쌤 | 마이바디필라테스대표,hello___lea,,다이어트/건강보조식품  일상,71100,https://www.instagram.com/hello___lea/
다노언니 제시,dano.fit,,일상  육아/키즈,187113,https://www.instagram.com/dano.fit/
IT 인플루언서 강기웅,itgodgo,,IT/테크  일상,77825,https://www.instagram.com/itgodgo/
두들빌리지  DOODLE VILLAGE,doodle__village,,패션  일상,34499,https://www.instagram.com/doodle__village/
이 은진,dear.jinbros,,홈/리빙  육아/키즈,54091,https://www.instagram.com/dear.jinbros/
유튜버 권감각,sensekwon,,일상  F&B,73032,https://www.instagram.com/sensekwon/
구니여니 | 핫템 트렌드 컬렉터 김소연,goonyyeonee,,뷰티  일상,273118,https://www.instagram.com/goonyyeonee/
선선부부하우스 남민선,2905_home,,일상  뷰티,174307,https://www.instagram.com/2905_home/
미인유 I 간단요리•살림팁•라이프스타일•미유,me_in_uuu,,홈/리빙  F&B,43684,https://www.instagram.com/me_in_uuu/
조민주ㅣ맛간장으로 만드는 현실 집밥,norang_minju,,F&B  일상,48096,https://www.instagram.com/norang_minju/
대전 피부 아벨라스킨 안은지 대표 | 파메스테틱 · 슈퍼젝션,abella__skin,,뷰티  다이어트/건강보조식품,42517,https://www.instagram.com/abella__skin/
타야 | 건강 루틴,home_taya,,다이어트/건강보조식품  피트니스,68245,https://www.instagram.com/home_taya/
캥맨,kangman_life,,피트니스  다이어트/건강보조식품,111256,https://www.instagram.com/kangman_life/
쪼꼬미 |  커플여행 • 팝업스토어 • 서울데이트,chocomi_travel,,여행/관광  F&B,39951,https://www.instagram.com/chocomi_travel/
미니🇰🇷,mnmnk_,,일상  F&B,91891,https://www.instagram.com/mnmnk_/
조혜련,ulumma2012,,일상  시사/이슈/정보,78219,https://www.instagram.com/ulumma2012/
달솜 ㅣ  김은비,dalsom_com,,일상  패션,42673,https://www.instagram.com/dalsom_com/
귀여운엘비스 & 한비엄마 ✌🏾,beemymagic,,F&B  여행/관광,107724,https://www.instagram.com/beemymagic/
박소리 SORI PARK,sr4211,,일상  피트니스,135923,https://www.instagram.com/sr4211/
냥사랑❤,_im_luvvv,,음악/댄스  F&B,86053,https://www.instagram.com/_im_luvvv/
레몬바스켓,lemonbasket.kr,,패션  육아/키즈,83888,https://www.instagram.com/lemonbasket.kr/
옆집언니 | 관리하는 엄마가 알려주는 리얼팁,yupzip_unni,,패션  일상,35224,https://www.instagram.com/yupzip_unni/
빌리프짐 대표 김현우,beliefgym_woo,,피트니스  F&B,33124,https://www.instagram.com/beliefgym_woo/
부산광역시,busancity,,여행/관광  시사/이슈/정보,209738,https://www.instagram.com/busancity/
Eonjeong Lee,airkiss777,,패션  여행/관광,38479,https://www.instagram.com/airkiss777/
Bella Jian Kim Misung,bella_jian,,일상  패션,109360,https://www.instagram.com/bella_jian/
블리스맘🌈 아트놀이육아  ᴶᶦʰʸᵉ ᴴʷᵃⁿᵍ,bliss.mom_,,육아/키즈  문구/완구,41928,https://www.instagram.com/bliss.mom_/
Jinhyun Park,mozzi_hirit,,여행/관광  일상,42680,https://www.instagram.com/mozzi_hirit/
Jinhyang Kim 김진향,jin_hyang_kim__,,문학/종교/역사  일상,110084,https://www.instagram.com/jin_hyang_kim__/
김예빈(예블리즈),ye_vely_s,,육아/키즈  뷰티,94230,https://www.instagram.com/ye_vely_s/
(주)프링프링 ㅣ 스프링데이 ㅣ 대표 문정희,spring.day_,,패션  일상,66661,https://www.instagram.com/spring.day_/
GS SHOP(GS홈쇼핑),gsshop_story,,패션  뷰티,113093,https://www.instagram.com/gsshop_story/
김태현,osharelife,,뷰티  건강가전,49350,https://www.instagram.com/osharelife/
지소연,_jisoyeon,,육아/키즈  일상,121211,https://www.instagram.com/_jisoyeon/
박하준,mint__jun,,패션  일상,132797,https://www.instagram.com/mint__jun/
jieun jeon.,jjxxeun,,패션  홈/리빙,52742,https://www.instagram.com/jjxxeun/
"안규호,  ᴀɴ ɢʏᴜʜᴏ, #안대장",angyuho.85,,일상  시사/이슈/정보,47980,https://www.instagram.com/angyuho.85/
dayee Jeong 의 mwah💋 육아하며 성장중🚸,kmom_mwah,,일상  패션,35851,https://www.instagram.com/kmom_mwah/
태이맘 | 김 은경,euun_kyung_,,육아/키즈  일상,229554,https://www.instagram.com/euun_kyung_/
민혜주 🕊️ 여행 인플루언서 * 숙소,hyeju._.m,,여행/관광  유명장소/핫플,99538,https://www.instagram.com/hyeju._.m/
더브리,madamebree_,,패션  뷰티,114986,https://www.instagram.com/madamebree_/
이슬 | 마가의 숲 | 문제성피부 전문가,skin_catch88,,뷰티  일상,33796,https://www.instagram.com/skin_catch88/
김 규 리,_gyuriyaa_,,패션  뷰티,95528,https://www.instagram.com/_gyuriyaa_/
묭마미 | 육아정보 • 발달육아 • 엄마표영어| Miyoung Kwon,myong.mommy,,육아/키즈  일상,34731,https://www.instagram.com/myong.mommy/
칭아트래블 | 아이랑 여행 핫플 가성비 체험 공유 ✨,ching_a_travel,,여행/관광  유명장소/핫플,46077,https://www.instagram.com/ching_a_travel/
요조 | 요리조리 옮겨 다니며 사는 집,yozo_haus,,일상  여행/관광,33999,https://www.instagram.com/yozo_haus/
스위트페코,sweetpekoe,,뷰티  다이어트/건강보조식품,50691,https://www.instagram.com/sweetpekoe/
포도네 엄마은디◡̈,podomami,,육아/키즈  F&B,86460,https://www.instagram.com/podomami/
구채희,chaeheekoo,,일상  교육,168525,https://www.instagram.com/chaeheekoo/
아보드,abode.kr,,일상  패션,273019,https://www.instagram.com/abode.kr/
김지영,lafleur.beyond,,뷰티  일상,65118,https://www.instagram.com/lafleur.beyond/
옆집살림 / 빅토리사 (김혜경),victorisamom,,일상  패션,184980,https://www.instagram.com/victorisamom/
김경아 kim kyoung ah,kka_jotahehe,,일상  F&B,145535,https://www.instagram.com/kka_jotahehe/
샐리 | 셀프 인테리어,selly__home,,홈/리빙  일상,46019,https://www.instagram.com/selly__home/
아기여워 (agiyowar),agiyowar,,육아/키즈  일상,286452,https://www.instagram.com/agiyowar/
이소바자르 김애리,lee.so_bazar,,홈/리빙  일상,37016,https://www.instagram.com/lee.so_bazar/
명품언니김선희,suneelife,,뷰티  F&B,40594,https://www.instagram.com/suneelife/
원픽 데이,onepick_day,,F&B  일상,916595,https://www.instagram.com/onepick_day/
fastpaper 패스트페이퍼,fastpapermag,,패션  영화/방송,727605,https://www.instagram.com/fastpapermag/
오또루🐶 (MINHEE CHOI),m.inimi,,강아지  일상,605278,https://www.instagram.com/m.inimi/
Jena Moon,jena__moon,,패션  뷰티,995387,https://www.instagram.com/jena__moon/
최유진,manyo_yoojin,,일상  패션,966246,https://www.instagram.com/manyo_yoojin/
An hye jin,an____hjj,,패션  일상,537631,https://www.instagram.com/an____hjj/
캠핑ㅣ여행 🏕캠핑에미치다🏕,camping_for_mania,,여행/관광  일상,500046,https://www.instagram.com/camping_for_mania/
오늘의메뉴📙 [ 서울맛집 부산맛집 대구맛집 대전맛집 제주맛집 ],_today_menu,,F&B  일상,1300152,https://www.instagram.com/_today_menu/
W Korea,wkorea,,패션  뷰티,4846586,https://www.instagram.com/wkorea/
Yang Soo Bin(양수빈),soobin1119,,일상  패션,794977,https://www.instagram.com/soobin1119/
24년차 주부의 따뜻한 밥상  📙오늘도 맛있는 연주네 식탁 저자,cook_and_candle,,F&B  일상,578442,https://www.instagram.com/cook_and_candle/
까사림 (hyerim ku),casa_rim,,F&B  홈/리빙,583528,https://www.instagram.com/casa_rim/
쏘블리ღ🪽🤍,leeesovelys2,,일상  여행/관광,972056,https://www.instagram.com/leeesovelys2/
대박이네 🌝 이동국가족,supermom_sujin,,스포츠  일상,501913,https://www.instagram.com/supermom_sujin/
복둥이네 또오다,ddo_o_da,,고양이  강아지,548474,https://www.instagram.com/ddo_o_da/
도레미 홈트🕊 권미례,doremi_fit,,패션  일상,523076,https://www.instagram.com/doremi_fit/
김주원 (삐약스핏),joowon.unnie,,피트니스  다이어트/건강보조식품,3799865,https://www.instagram.com/joowon.unnie/
한식사랑 ♡korean food♡,eden_table,,F&B  일상,1066613,https://www.instagram.com/eden_table/
프라우허 허유정,frau.heo,,일상  F&B,528289,https://www.instagram.com/frau.heo/
인영 (-23kg감량 #유지어터),inyoung161,,F&B  뷰티,968961,https://www.instagram.com/inyoung161/
선순환코치 다솔맘🇰🇷,dasolmom_,,다이어트/건강보조식품  피트니스,893139,https://www.instagram.com/dasolmom_/
🥇뷰티계의 트랜드세터 #상은언니,makeup_maker_,,일상  F&B,600987,https://www.instagram.com/makeup_maker_/
자취생으로 살아남기,one_home_life,,F&B  일상,604890,https://www.instagram.com/one_home_life/
서울핫플 공식계정 / 서울맛집 서울카페 서울여행,seoulhotple,,여행/관광  유명장소/핫플,509859,https://www.instagram.com/seoulhotple/
아영하세영 | 한아람,ayounghaseyoung,,육아/키즈  일상,551384,https://www.instagram.com/ayounghaseyoung/
Ha Neul 하늘,haneulina,,육아/키즈  일상,953586,https://www.instagram.com/haneulina/
홈멍멍 최혜미,hommongmong,,홈/리빙  F&B,1057159,https://www.instagram.com/hommongmong/
